filename,width,height,class,xmin,ymin,xmax,ymax
2Q__ (1).jpg,275,183,tennis_ball,39,27,159,144
2Q__ (2).jpg,268,188,tennis_ball,37,25,139,128
2Q__ (3).jpg,275,183,tennis_ball,72,61,158,147
2Q__ (4).jpg,275,183,tennis_ball,17,88,56,128
2Q__ (4).jpg,275,183,tennis_ball,118,49,170,100
2Q__ (4).jpg,275,183,tennis_ball,100,90,155,144
2Q__ (4).jpg,275,183,tennis_ball,149,89,201,142
2Q__ (5).jpg,275,183,tennis_ball,185,100,227,143
2Q__ (6).jpg,275,183,tennis_ball,33,42,119,127
2Q__ (6).jpg,275,183,tennis_ball,149,8,182,44
2Q__ (7).jpg,284,177,tennis_ball,132,37,240,145
2Q__ (8).jpg,275,183,tennis_ball,51,60,128,135
2Q__ (9).jpg,262,192,tennis_ball,114,60,189,133
2Q__.jpg,233,217,tennis_ball,180,128,228,176
2Q__.jpg,233,217,tennis_ball,142,125,182,162
2Q__.jpg,233,217,tennis_ball,98,120,129,151
2Q__.jpg,233,217,tennis_ball,67,120,98,153
2Q__.jpg,233,217,tennis_ball,6,119,35,149
2Q__.jpg,233,217,tennis_ball,28,117,51,141
2Q__.jpg,233,217,tennis_ball,53,115,72,136
2Q__.jpg,233,217,tennis_ball,228,116,233,125
2Q__.jpg,233,217,tennis_ball,199,113,215,129
2Q__.jpg,233,217,tennis_ball,158,112,174,127
2Q__.jpg,233,217,tennis_ball,135,112,147,125
2Q__.jpg,233,217,tennis_ball,110,112,126,125
2Q__.jpg,233,217,tennis_ball,103,114,112,123
2Q__.jpg,233,217,tennis_ball,80,112,89,123
2Q__.jpg,233,217,tennis_ball,43,110,56,124
2Q__.jpg,233,217,tennis_ball,14,109,28,123
9k_ (1).jpg,275,183,tennis_ball,51,66,137,151
9k_ (3).jpg,275,183,tennis_ball,28,62,99,132
9k_ (4).jpg,183,275,tennis_ball,56,89,127,161
9k_.jpg,277,182,tennis_ball,76,108,114,146
images - 2020-06-01T182232.407.jpg,251,201,tennis_ball,120,122,157,168
images - 2020-06-01T182232.407.jpg,251,201,tennis_ball,136,71,153,93
images - 2020-06-01T182232.407.jpg,251,201,tennis_ball,144,96,172,126
images - 2020-06-01T182232.407.jpg,251,201,tennis_ball,109,82,129,106
images - 2020-06-01T182232.407.jpg,251,201,tennis_ball,79,76,96,97
images - 2020-06-01T182232.407.jpg,251,201,tennis_ball,31,90,57,117
images - 2020-06-01T182232.618.jpg,275,183,tennis_ball,52,67,135,148
images - 2020-06-01T182232.846.jpg,275,183,tennis_ball,67,81,100,114
images - 2020-06-01T182232.846.jpg,275,183,tennis_ball,91,61,121,94
images - 2020-06-01T182233.164.jpg,318,159,tennis_ball,118,61,152,98
images - 2020-06-01T182233.652.jpg,268,188,tennis_ball,19,61,110,151
images - 2020-06-01T182233.652.jpg,268,188,tennis_ball,138,43,226,130
images - 2020-06-01T182234.149.jpg,275,183,tennis_ball,154,68,253,168
images - 2020-06-01T182234.149.jpg,275,183,tennis_ball,102,53,153,106
images - 2020-06-01T182234.149.jpg,275,183,tennis_ball,1,53,25,95
images - 2020-06-01T182234.374.jpg,275,183,tennis_ball,69,107,122,160
images - 2020-06-01T182234.884.jpg,275,183,tennis_ball,99,90,165,156
images - 2020-06-01T182234.884.jpg,275,183,tennis_ball,254,69,275,121
images - 2020-06-01T182234.884.jpg,275,183,tennis_ball,32,58,90,116
images - 2020-06-01T182234.884.jpg,275,183,tennis_ball,5,46,58,99
images - 2020-06-01T182235.111.jpg,275,183,tennis_ball,104,100,128,126
images - 2020-06-01T182235.381.jpg,275,183,tennis_ball,171,80,222,132
images - 2020-06-01T182235.381.jpg,275,183,tennis_ball,171,6,187,23
images - 2020-06-01T182235.381.jpg,275,183,tennis_ball,91,10,108,29
images - 2020-06-01T182235.632.jpg,275,183,tennis_ball,155,41,256,140
images - 2020-06-01T182235.847.jpg,263,192,tennis_ball,104,92,151,146
images - 2020-06-01T182236.067.jpg,260,194,tennis_ball,78,109,125,160
images - 2020-06-01T182236.067.jpg,260,194,tennis_ball,126,103,169,146
images - 2020-06-01T182236.067.jpg,260,194,tennis_ball,213,103,256,148
images - 2020-06-01T182236.067.jpg,260,194,tennis_ball,1,105,47,152
images - 2020-06-01T182236.331.jpg,225,225,tennis_ball,135,173,146,180
images - 2020-06-01T182236.331.jpg,225,225,tennis_ball,131,161,146,175
images - 2020-06-01T182236.331.jpg,225,225,tennis_ball,128,151,143,162
images - 2020-06-01T182236.331.jpg,225,225,tennis_ball,126,142,140,152
images - 2020-06-01T182236.331.jpg,225,225,tennis_ball,124,129,139,143
images - 2020-06-01T182236.331.jpg,225,225,tennis_ball,119,119,133,131
images - 2020-06-01T182236.331.jpg,225,225,tennis_ball,117,107,131,119
images - 2020-06-01T182236.331.jpg,225,225,tennis_ball,115,96,127,109
images - 2020-06-01T182236.331.jpg,225,225,tennis_ball,111,85,123,96
images - 2020-06-01T182236.331.jpg,225,225,tennis_ball,108,72,120,85
images - 2020-06-01T182236.331.jpg,225,225,tennis_ball,104,60,116,73
images - 2020-06-01T182236.331.jpg,225,225,tennis_ball,101,46,113,60
images - 2020-06-01T182236.331.jpg,225,225,tennis_ball,173,170,185,183
images - 2020-06-01T182236.331.jpg,225,225,tennis_ball,188,203,202,218
images - 2020-06-01T182236.331.jpg,225,225,tennis_ball,140,186,153,200
images - 2020-06-01T182236.331.jpg,225,225,tennis_ball,107,201,122,217
images - 2020-06-01T182236.331.jpg,225,225,tennis_ball,101,175,115,189
images - 2020-06-01T182236.547.jpg,299,168,tennis_ball,158,17,194,58
images - 2020-06-01T182236.547.jpg,299,168,tennis_ball,124,103,160,141
images - 2020-06-01T182236.768.jpg,272,186,tennis_ball,32,64,101,133
images - 2020-06-01T182237.044.jpg,179,282,tennis_ball,76,184,101,210
images - 2020-06-01T182237.344.jpg,275,183,tennis_ball,157,108,207,160
images - 2020-06-01T182237.344.jpg,275,183,tennis_ball,231,88,275,131
images - 2020-06-01T182237.344.jpg,275,183,tennis_ball,147,75,180,109
images - 2020-06-01T182237.509.jpg,276,183,tennis_ball,113,70,160,118
images - 2020-06-01T182237.957.jpg,259,194,tennis_ball,134,51,218,135
images - 2020-06-01T182238.203.jpg,264,191,tennis_ball,78,63,138,121
images - 2020-06-01T182238.437.jpg,259,195,tennis_ball,70,116,93,140
images - 2020-06-01T182238.655.jpg,265,190,tennis_ball,111,25,231,145
images - 2020-06-01T182238.914.jpg,275,183,tennis_ball,87,49,166,130
images - 2020-06-01T182239.167.jpg,195,259,tennis_ball,80,123,154,196
images - 2020-06-01T182239.444.jpg,183,275,tennis_ball,69,163,108,202
images - 2020-06-01T182239.654.jpg,266,189,tennis_ball,128,62,196,132
images - 2020-06-01T182239.882.jpg,204,247,tennis_ball,92,154,109,172
images - 2020-06-01T182240.167.jpg,259,194,tennis_ball,96,80,164,146
images - 2020-06-01T182240.607.jpg,274,184,tennis_ball,102,68,173,137
images - 2020-06-01T182240.854.jpg,262,192,tennis_ball,72,102,115,146
images - 2020-06-01T182241.137.jpg,182,277,tennis_ball,40,71,150,181
images - 2020-06-01T182241.579.jpg,224,224,tennis_ball,50,96,54,101
images - 2020-06-01T182241.579.jpg,224,224,tennis_ball,54,100,60,105
images - 2020-06-01T182241.579.jpg,224,224,tennis_ball,62,105,68,111
images - 2020-06-01T182241.579.jpg,224,224,tennis_ball,71,106,76,112
images - 2020-06-01T182241.579.jpg,224,224,tennis_ball,73,111,80,117
images - 2020-06-01T182241.579.jpg,224,224,tennis_ball,83,118,88,125
images - 2020-06-01T182241.579.jpg,224,224,tennis_ball,79,115,85,122
images - 2020-06-01T182241.579.jpg,224,224,tennis_ball,88,118,94,124
images - 2020-06-01T182241.579.jpg,224,224,tennis_ball,91,125,97,130
images - 2020-06-01T182241.579.jpg,224,224,tennis_ball,100,127,106,131
images - 2020-06-01T182241.579.jpg,224,224,tennis_ball,99,129,104,136
images - 2020-06-01T182241.579.jpg,224,224,tennis_ball,115,140,122,146
images - 2020-06-01T182241.579.jpg,224,224,tennis_ball,125,147,132,153
images - 2020-06-01T182241.811.jpg,183,275,tennis_ball,89,140,134,186
images - 2020-06-01T182242.066.jpg,318,158,tennis_ball,119,53,206,138
images - 2020-06-01T182242.066.jpg,318,158,tennis_ball,80,17,159,96
images - 2020-06-01T182242.518.jpg,225,225,tennis_ball,19,71,58,109
images - 2020-06-01T182242.518.jpg,225,225,tennis_ball,64,75,101,113
images - 2020-06-01T182242.518.jpg,225,225,tennis_ball,96,65,134,101
images - 2020-06-01T182242.773.jpg,275,183,tennis_ball,129,117,167,155
images - 2020-06-01T182242.773.jpg,275,183,tennis_ball,189,99,226,137
images - 2020-06-01T182242.773.jpg,275,183,tennis_ball,191,55,226,91
images - 2020-06-01T182243.270.jpg,275,183,tennis_ball,80,96,124,139
images - 2020-06-01T182243.270.jpg,275,183,tennis_ball,136,97,153,114
images - 2020-06-01T182243.270.jpg,275,183,tennis_ball,128,91,144,107
images - 2020-06-01T182243.270.jpg,275,183,tennis_ball,73,89,92,107
images - 2020-06-01T182243.471.jpg,275,183,tennis_ball,158,92,181,115
images - 2020-06-01T182243.710.jpg,308,164,tennis_ball,167,47,240,115
images - 2020-06-01T182243.949.jpg,275,183,tennis_ball,111,140,141,171
images - 2020-06-01T182243.949.jpg,275,183,tennis_ball,125,104,151,131
images - 2020-06-01T182243.949.jpg,275,183,tennis_ball,104,102,128,127
images - 2020-06-01T182243.949.jpg,275,183,tennis_ball,168,66,190,91
images - 2020-06-01T182243.949.jpg,275,183,tennis_ball,17,100,42,126
images - 2020-06-01T182243.949.jpg,275,183,tennis_ball,53,44,72,65
images - 2020-06-01T182243.949.jpg,275,183,tennis_ball,102,26,117,41
images - 2020-06-01T182244.206.jpg,299,168,tennis_ball,164,61,248,146
images - 2020-06-01T182244.444.jpg,392,128,tennis_ball,203,52,242,91
images - 2020-06-01T182244.705.jpg,275,183,tennis_ball,187,48,246,104
images - 2020-06-01T182244.705.jpg,275,183,tennis_ball,163,37,210,87
images - 2020-06-01T182244.942.jpg,266,189,tennis_ball,161,106,184,129
images - 2020-06-01T182244.942.jpg,266,189,tennis_ball,72,113,95,137
images - 2020-06-01T182245.456.jpg,275,183,tennis_ball,160,90,209,141
images - 2020-06-01T182245.668.jpg,337,150,tennis_ball,99,100,141,142
images - 2020-06-01T182245.936.jpg,183,275,tennis_ball,91,121,154,182
images - 2020-06-01T182245.936.jpg,183,275,tennis_ball,92,183,153,242
images - 2020-06-01T182246.156.jpg,339,149,tennis_ball,102,12,237,144
images - 2020-06-01T182246.396.jpg,260,194,tennis_ball,89,52,179,142
images - 2020-06-01T182246.649.jpg,264,191,tennis_ball,81,80,175,178
images - 2020-06-01T182246.881.jpg,318,159,tennis_ball,200,54,275,126
images - 2020-06-01T182247.102.jpg,299,168,tennis_ball,42,51,130,139
images - 2020-06-01T182247.102.jpg,299,168,tennis_ball,263,3,282,21
images - 2020-06-01T182247.102.jpg,299,168,tennis_ball,241,6,262,28
images - 2020-06-01T182247.611.jpg,259,194,tennis_ball,119,72,187,141
images - 2020-06-01T182247.818.jpg,246,205,tennis_ball,27,86,107,168
images - 2020-06-01T182248.036.jpg,225,225,tennis_ball,132,152,185,207
images - 2020-06-01T182248.333.jpg,275,183,tennis_ball,39,93,79,129
images - 2020-06-01T182248.551.jpg,260,194,tennis_ball,42,92,108,158
images - 2020-06-01T182248.788.jpg,216,233,tennis_ball,82,123,161,204
images - 2020-06-01T182249.045.jpg,275,183,tennis_ball,9,54,80,125
images - 2020-06-01T182249.254.jpg,275,183,tennis_ball,55,50,138,132
images - 2020-06-01T182249.505.jpg,187,269,tennis_ball,71,125,156,211
images - 2020-06-01T182249.831.jpg,262,192,tennis_ball,154,68,199,113
images - 2020-06-01T182250.056.jpg,194,259,tennis_ball,98,91,128,122
images - 2020-06-01T182250.350.jpg,275,183,tennis_ball,154,31,259,132
images - 2020-06-01T182250.608.jpg,283,178,tennis_ball,145,84,192,130
images - 2020-06-01T182250.608.jpg,283,178,tennis_ball,120,51,149,82
images - 2020-06-01T182250.608.jpg,283,178,tennis_ball,137,42,164,68
images - 2020-06-01T182250.608.jpg,283,178,tennis_ball,128,18,146,39
images - 2020-06-01T182250.804.jpg,183,275,tennis_ball,87,165,133,211
images - 2020-06-01T182251.095.jpg,183,275,tennis_ball,47,102,133,191
images - 2020-06-01T182251.577.jpg,275,183,tennis_ball,31,44,134,146
images - 2020-06-01T182251.787.jpg,178,284,tennis_ball,55,104,136,189
images - 2020-06-01T182252.056.jpg,397,127,tennis_ball,247,11,369,127
images - 2020-06-01T182252.327.jpg,274,184,tennis_ball,118,71,161,114
images - 2020-06-01T182252.542.jpg,301,168,tennis_ball,40,94,126,168
images - 2020-06-01T182252.811.jpg,277,182,tennis_ball,154,63,214,123
images - 2020-06-01T182252.811.jpg,277,182,tennis_ball,70,65,118,113
images - 2020-06-01T182253.062.jpg,314,161,tennis_ball,239,41,307,106
images - 2020-06-01T182253.309.jpg,275,183,tennis_ball,84,126,120,163
images - 2020-06-01T182253.581.jpg,275,183,tennis_ball,60,55,115,110
images - 2020-06-01T182253.581.jpg,275,183,tennis_ball,24,52,68,98
images - 2020-06-01T182253.793.jpg,183,275,tennis_ball,65,112,94,143
images - 2020-06-01T182253.793.jpg,183,275,tennis_ball,80,125,112,156
images - 2020-06-01T182254.122.jpg,275,183,tennis_ball,87,33,160,108
images - 2020-06-01T182254.360.jpg,300,168,tennis_ball,138,35,211,107
images - 2020-06-01T182254.360.jpg,300,168,tennis_ball,64,38,110,84
images - 2020-06-01T182254.508.jpg,267,189,tennis_ball,84,64,175,156
images - 2020-06-01T182254.508.jpg,267,189,tennis_ball,167,44,255,132
images - 2020-06-01T182254.766.jpg,217,232,tennis_ball,143,118,216,191
images - 2020-06-01T182254.766.jpg,217,232,tennis_ball,161,98,217,151
images - 2020-06-01T182255.082.jpg,275,183,tennis_ball,116,71,184,139
images - 2020-06-01T182255.082.jpg,275,183,tennis_ball,112,57,158,103
images - 2020-06-01T182255.082.jpg,275,183,tennis_ball,182,83,237,141
images - 2020-06-01T182255.082.jpg,275,183,tennis_ball,57,41,111,93
images - 2020-06-01T182255.082.jpg,275,183,tennis_ball,34,30,76,80
images - 2020-06-01T182255.253.jpg,275,183,tennis_ball,107,53,175,124
images - 2020-06-01T182255.488.jpg,275,183,tennis_ball,54,57,143,146
images - 2020-06-01T182256.222.jpg,274,184,tennis_ball,185,77,232,123
images - 2020-06-01T182256.479.jpg,286,176,tennis_ball,40,63,122,148
images - 2020-06-01T182256.479.jpg,286,176,tennis_ball,121,61,204,142
images - 2020-06-01T182256.479.jpg,286,176,tennis_ball,75,27,151,89
images - 2020-06-01T182256.775.jpg,298,169,tennis_ball,150,26,207,83
images - 2020-06-01T182256.775.jpg,298,169,tennis_ball,178,134,287,169
images - 2020-06-01T182256.775.jpg,298,169,tennis_ball,1,77,80,164
images - 2020-06-01T182256.943.jpg,299,168,tennis_ball,96,15,126,43
images - 2020-06-01T182256.943.jpg,299,168,tennis_ball,154,64,184,96
images - 2020-06-01T182256.943.jpg,299,168,tennis_ball,199,90,235,126
images - 2020-06-01T182256.943.jpg,299,168,tennis_ball,192,86,210,104
images - 2020-06-01T182256.943.jpg,299,168,tennis_ball,220,51,278,103
images - 2020-06-01T182256.943.jpg,299,168,tennis_ball,235,3,283,43
images - 2020-06-01T182257.261.jpg,225,225,tennis_ball,135,85,203,154
images - 2020-06-01T182257.261.jpg,225,225,tennis_ball,43,86,102,146
images - 2020-06-01T182257.521.jpg,376,134,tennis_ball,70,28,107,66
images - 2020-06-01T182257.756.jpg,353,143,tennis_ball,105,66,201,143
images - 2020-06-01T182257.973.jpg,183,275,tennis_ball,96,32,106,44
images - 2020-06-01T182257.973.jpg,183,275,tennis_ball,66,81,79,95
images - 2020-06-01T182257.973.jpg,183,275,tennis_ball,62,146,83,166
images - 2020-06-01T182257.973.jpg,183,275,tennis_ball,19,177,41,200
images - 2020-06-01T182258.284.jpg,265,190,tennis_ball,44,42,133,131
images - 2020-06-01T182258.478.jpg,275,183,tennis_ball,117,65,149,96
images - 2020-06-01T182258.478.jpg,275,183,tennis_ball,97,94,126,124
images - 2020-06-01T182258.478.jpg,275,183,tennis_ball,71,65,100,95
images - 2020-06-01T182258.723.jpg,194,259,tennis_ball,119,142,142,166
images - 2020-06-01T182258.991.jpg,278,182,tennis_ball,29,31,147,145
images - 2020-06-01T182259.220.jpg,275,183,tennis_ball,91,67,139,116
images - 2020-06-01T182259.460.jpg,284,177,tennis_ball,112,12,185,84
images - 2020-06-01T182259.691.jpg,183,275,tennis_ball,70,90,94,114
images - 2020-06-01T182259.691.jpg,183,275,tennis_ball,75,168,105,197
images - 2020-06-01T182259.887.jpg,300,168,tennis_ball,166,97,202,136
images - 2020-06-01T182300.243.jpg,269,188,tennis_ball,161,61,210,111
images - 2020-06-01T182300.400.jpg,262,192,tennis_ball,90,40,200,153
images - 2020-06-01T182300.623.jpg,266,189,tennis_ball,139,95,169,125
images - 2020-06-01T182300.890.jpg,275,183,tennis_ball,206,128,217,141
images - 2020-06-01T182301.157.jpg,275,183,tennis_ball,108,57,162,112
images - 2020-06-01T182301.625.jpg,275,183,tennis_ball,9,64,103,158
images - 2020-06-01T182301.871.jpg,263,192,tennis_ball,105,44,208,147
images - 2020-06-01T182302.111.jpg,269,188,tennis_ball,165,70,251,157
images - 2020-06-01T182302.344.jpg,225,225,tennis_ball,61,122,135,197
images - 2020-06-01T182302.865.jpg,275,183,tennis_ball,133,119,158,145
images - 2020-06-01T182302.865.jpg,275,183,tennis_ball,244,109,268,133
images - 2020-06-01T182302.865.jpg,275,183,tennis_ball,159,101,181,123
images - 2020-06-01T182302.865.jpg,275,183,tennis_ball,155,75,175,96
images - 2020-06-01T182302.865.jpg,275,183,tennis_ball,152,55,172,75
images - 2020-06-01T182302.865.jpg,275,183,tennis_ball,45,58,64,77
images - 2020-06-01T182302.865.jpg,275,183,tennis_ball,42,90,64,111
images - 2020-06-01T182302.865.jpg,275,183,tennis_ball,101,104,124,128
images - 2020-06-01T182302.865.jpg,275,183,tennis_ball,57,104,80,128
images - 2020-06-01T182303.062.jpg,275,183,tennis_ball,175,100,186,113
images - 2020-06-01T182303.397.jpg,273,185,tennis_ball,60,119,88,149
images - 2020-06-01T182303.799.jpg,259,194,tennis_ball,138,66,228,155
images - 2020-06-01T182303.799.jpg,259,194,tennis_ball,55,72,78,95
images - 2020-06-01T182304.045.jpg,276,183,tennis_ball,73,77,109,113
images - 2020-06-01T182304.316.jpg,194,259,tennis_ball,63,109,154,198
images - 2020-06-01T182304.598.jpg,275,183,tennis_ball,146,65,173,93
images - 2020-06-01T182304.804.jpg,285,177,tennis_ball,141,61,220,139
images - 2020-06-01T182304.804.jpg,285,177,tennis_ball,165,29,207,66
images - 2020-06-01T182304.804.jpg,285,177,tennis_ball,61,38,113,92
images - 2020-06-01T182305.044.jpg,272,185,tennis_ball,95,63,177,144
images - 2020-06-01T182305.318.jpg,259,194,tennis_ball,92,3,168,81
images - 2020-06-01T182305.536.jpg,265,190,tennis_ball,144,94,185,136
images - 2020-06-01T182305.964.jpg,275,183,tennis_ball,152,65,208,122
images - 2020-06-01T182305.964.jpg,275,183,tennis_ball,67,36,102,70
images - 2020-06-01T182305.964.jpg,275,183,tennis_ball,85,12,109,38
images - 2020-06-01T182305.964.jpg,275,183,tennis_ball,30,32,60,62
images - 2020-06-01T182306.228.jpg,387,130,tennis_ball,251,31,307,86
images - 2020-06-01T182306.463.jpg,225,225,tennis_ball,146,151,208,212
images - 2020-06-01T182306.737.jpg,275,183,tennis_ball,103,63,161,121
images - 2020-06-01T182306.954.jpg,275,183,tennis_ball,173,99,224,148
images - 2020-06-01T182307.199.jpg,275,183,tennis_ball,190,26,213,50
images - 2020-06-01T182307.199.jpg,275,183,tennis_ball,188,93,213,118
images - 2020-06-01T182307.199.jpg,275,183,tennis_ball,199,123,227,150
images - 2020-06-01T182307.199.jpg,275,183,tennis_ball,163,134,191,162
images - 2020-06-01T182307.711.jpg,263,192,tennis_ball,72,75,135,139
images - 2020-06-01T182307.957.jpg,275,183,tennis_ball,81,77,126,122
images - 2020-06-01T182308.237.jpg,218,231,tennis_ball,69,123,151,204
images - 2020-06-01T182308.451.jpg,260,194,tennis_ball,19,45,138,170
images - 2020-06-01T182308.763.jpg,275,183,tennis_ball,146,68,161,85
images - 2020-06-01T182309.006.jpg,263,191,tennis_ball,73,79,106,113
images - 2020-06-01T182309.270.jpg,275,183,tennis_ball,107,49,127,70
images - 2020-06-01T182309.539.jpg,183,275,tennis_ball,137,17,183,64
images - 2020-06-01T182309.539.jpg,183,275,tennis_ball,113,52,159,99
images - 2020-06-01T182309.539.jpg,183,275,tennis_ball,36,22,81,66
images - 2020-06-01T182309.746.jpg,275,183,tennis_ball,121,71,160,111
images - 2020-06-01T182309.746.jpg,275,183,tennis_ball,13,124,60,173
images - 2020-06-01T182309.971.jpg,183,275,tennis_ball,29,86,48,105
images - 2020-06-01T182310.231.jpg,260,194,tennis_ball,81,95,121,137
images - 2020-06-01T182310.231.jpg,260,194,tennis_ball,38,107,82,152
images - 2020-06-01T182310.449.jpg,265,190,tennis_ball,58,19,155,118
images - 2020-06-01T182310.733.jpg,180,281,tennis_ball,88,80,157,152
images - 2020-06-01T182310.733.jpg,180,281,tennis_ball,53,163,126,236
images - 2020-06-01T182310.952.jpg,280,180,tennis_ball,16,44,94,117
images - 2020-06-01T182310.952.jpg,280,180,tennis_ball,109,43,188,122
images - 2020-06-01T182310.952.jpg,280,180,tennis_ball,201,46,267,110
images - 2020-06-01T182311.190.jpg,250,188,tennis_ball,94,37,164,107
images - 2020-06-01T182311.441.jpg,299,168,tennis_ball,120,71,130,83
images - 2020-06-01T182311.441.jpg,299,168,tennis_ball,187,80,202,96
images - 2020-06-01T182311.441.jpg,299,168,tennis_ball,201,97,222,120
images - 2020-06-01T182311.441.jpg,299,168,tennis_ball,75,114,107,144
images - 2020-06-01T182311.441.jpg,299,168,tennis_ball,72,78,85,91
images - 2020-06-01T182311.441.jpg,299,168,tennis_ball,81,76,92,87
images - 2020-06-01T182311.670.jpg,275,183,tennis_ball,50,88,96,133
images - 2020-06-01T182311.885.jpg,275,183,tennis_ball,199,76,240,118
images - 2020-06-01T182312.193.jpg,275,183,tennis_ball,136,80,199,144
images - 2020-06-01T182312.576.jpg,276,183,tennis_ball,55,51,154,148
images - 2020-06-01T182312.828.jpg,266,189,tennis_ball,54,102,93,143
images - 2020-06-01T182313.085.jpg,276,183,tennis_ball,41,51,130,140
images - 2020-06-01T182313.292.jpg,182,277,tennis_ball,55,166,142,251
images - 2020-06-01T182313.546.jpg,275,183,tennis_ball,112,79,177,145
images - 2020-06-01T182313.841.jpg,323,156,tennis_ball,213,63,267,118
images - 2020-06-01T182314.559.jpg,262,192,tennis_ball,95,78,154,137
images - 2020-06-01T182314.825.jpg,276,183,tennis_ball,42,62,54,75
images - 2020-06-01T182314.825.jpg,276,183,tennis_ball,69,91,83,107
images - 2020-06-01T182314.825.jpg,276,183,tennis_ball,110,127,126,144
images - 2020-06-01T182314.825.jpg,276,183,tennis_ball,144,163,162,181
images - 2020-06-01T182314.825.jpg,276,183,tennis_ball,191,131,231,171
images - 2020-06-01T182315.093.jpg,275,183,tennis_ball,211,38,251,79
images - 2020-06-01T182315.390.jpg,275,183,tennis_ball,145,109,180,145
images - 2020-06-01T182315.586.jpg,278,181,tennis_ball,68,70,116,119
images - 2020-06-01T182315.881.jpg,259,194,tennis_ball,174,82,229,136
images - 2020-06-01T182316.055.jpg,275,183,tennis_ball,94,88,180,174
images - 2020-06-01T182316.272.jpg,275,183,tennis_ball,77,94,125,142
images - 2020-06-01T182316.528.jpg,264,191,tennis_ball,166,70,225,131
images - 2020-06-01T182316.774.jpg,278,181,tennis_ball,27,57,104,134
images - 2020-06-01T182316.974.jpg,258,195,tennis_ball,112,67,201,160
images - 2020-06-01T182317.246.jpg,271,186,tennis_ball,171,63,182,74
images - 2020-06-01T182317.484.jpg,275,183,tennis_ball,78,48,99,70
images - 2020-06-01T182317.484.jpg,275,183,tennis_ball,78,72,98,93
images - 2020-06-01T182317.484.jpg,275,183,tennis_ball,47,67,70,90
images - 2020-06-01T182317.709.jpg,264,191,tennis_ball,19,53,81,113
images - 2020-06-01T182317.972.jpg,284,177,tennis_ball,13,16,122,126
images - 2020-06-01T182318.206.jpg,318,159,tennis_ball,147,51,173,80
images - 2020-06-01T182318.460.jpg,299,169,tennis_ball,98,54,181,136
images - 2020-06-01T182318.460.jpg,299,169,tennis_ball,136,33,213,113
images - 2020-06-01T182318.460.jpg,299,169,tennis_ball,79,21,153,94
images - 2020-06-01T182318.712.jpg,259,194,tennis_ball,69,52,110,94
images - 2020-06-01T182318.937.jpg,275,183,tennis_ball,96,110,118,133
images - 2020-06-01T182319.228.jpg,262,193,tennis_ball,78,102,96,121
images - 2020-06-01T182319.855.jpg,267,189,tennis_ball,81,66,112,100
images - 2020-06-01T182320.356.jpg,260,194,tennis_ball,76,92,135,153
images - 2020-06-01T182320.356.jpg,260,194,tennis_ball,24,19,76,68
images - 2020-06-01T182320.569.jpg,265,190,tennis_ball,142,43,225,128
images - 2020-06-01T182320.806.jpg,275,183,tennis_ball,118,105,147,135
images - 2020-06-01T182321.139.jpg,275,183,tennis_ball,165,23,227,84
images - 2020-06-01T182321.382.jpg,276,183,tennis_ball,134,66,211,143
images - 2020-06-01T182321.626.jpg,266,189,tennis_ball,71,97,143,166
images - 2020-06-01T182321.626.jpg,266,189,tennis_ball,182,79,242,133
images - 2020-06-01T182321.626.jpg,266,189,tennis_ball,25,71,74,119
images - 2020-06-01T182321.842.jpg,275,183,tennis_ball,161,103,205,148
images - 2020-06-01T182321.842.jpg,275,183,tennis_ball,211,56,251,96
images - 2020-06-01T182321.842.jpg,275,183,tennis_ball,163,41,199,78
images - 2020-06-01T182322.109.jpg,284,177,tennis_ball,127,10,147,31
images - 2020-06-01T182322.352.jpg,194,259,tennis_ball,91,131,116,156
images - 2020-06-01T182322.576.jpg,275,183,tennis_ball,91,61,168,137
images - 2020-06-01T182322.804.jpg,275,183,tennis_ball,115,74,158,119
images - 2020-06-01T182323.060.jpg,183,275,tennis_ball,115,21,126,33
images - 2020-06-01T182323.276.jpg,248,203,tennis_ball,181,96,190,106
images - 2020-06-01T182323.276.jpg,248,203,tennis_ball,200,114,214,129
images - 2020-06-01T182323.276.jpg,248,203,tennis_ball,226,136,247,158
images - 2020-06-01T182323.543.jpg,259,194,tennis_ball,103,138,148,179
images - 2020-06-01T182324.001.jpg,275,183,tennis_ball,68,97,144,176
images - 2020-06-01T182324.001.jpg,275,183,tennis_ball,208,55,227,75
images - 2020-06-01T182324.516.jpg,325,155,tennis_ball,206,27,277,98
images - 2020-06-01T182324.717.jpg,225,225,tennis_ball,30,93,98,159
images - 2020-06-01T182325.212.jpg,225,225,tennis_ball,121,29,165,72
images - 2020-06-01T182325.212.jpg,225,225,tennis_ball,121,72,166,112
images - 2020-06-01T182325.212.jpg,225,225,tennis_ball,121,113,166,154
images - 2020-06-01T182325.212.jpg,225,225,tennis_ball,122,155,167,198
images - 2020-06-01T182325.212.jpg,225,225,tennis_ball,79,151,114,189
images - 2020-06-01T182325.435.jpg,259,194,tennis_ball,65,92,123,152
images - 2020-06-01T182325.727.jpg,294,171,tennis_ball,127,61,169,105
images - 2020-06-01T182325.914.jpg,175,289,tennis_ball,96,171,109,185
images - 2020-06-01T182326.190.jpg,265,190,tennis_ball,69,35,103,70
images - 2020-06-01T182326.190.jpg,265,190,tennis_ball,118,29,206,118
images - 2020-06-01T182326.407.jpg,300,168,tennis_ball,134,43,170,82
images - 2020-06-01T182326.407.jpg,300,168,tennis_ball,170,53,209,92
images - 2020-06-01T182326.407.jpg,300,168,tennis_ball,144,73,185,116
images - 2020-06-01T182326.640.jpg,276,183,tennis_ball,165,56,182,73
images - 2020-06-01T182326.640.jpg,276,183,tennis_ball,186,57,203,74
images - 2020-06-01T182326.640.jpg,276,183,tennis_ball,179,62,190,75
images - 2020-06-01T182326.640.jpg,276,183,tennis_ball,171,105,230,164
images - 2020-06-01T182326.640.jpg,276,183,tennis_ball,75,58,95,81
images - 2020-06-01T182326.640.jpg,276,183,tennis_ball,79,52,93,62
images - 2020-06-01T182326.640.jpg,276,183,tennis_ball,46,49,66,70
images - 2020-06-01T182326.640.jpg,276,183,tennis_ball,1,48,6,64
images - 2020-06-01T182326.921.jpg,275,183,tennis_ball,146,55,177,84
images - 2020-06-01T182326.921.jpg,275,183,tennis_ball,135,83,164,113
images - 2020-06-01T182327.249.jpg,262,192,tennis_ball,54,107,87,139
images - 2020-06-01T182327.451.jpg,178,283,tennis_ball,82,8,92,19
images - 2020-06-01T182327.727.jpg,194,260,tennis_ball,117,163,138,181
images - 2020-06-01T182328.204.jpg,275,183,tennis_ball,65,53,104,91
images - 2020-06-01T182328.666.jpg,420,120,tennis_ball,225,19,299,91
images - 2020-06-01T182328.666.jpg,420,120,tennis_ball,235,69,299,120
images - 2020-06-01T182328.666.jpg,420,120,tennis_ball,299,43,367,82
images - 2020-06-01T182328.908.jpg,183,275,tennis_ball,77,95,101,118
images - 2020-06-01T182329.243.jpg,260,194,tennis_ball,70,31,180,143
images - 2020-06-01T182329.243.jpg,260,194,tennis_ball,138,16,206,90
images - 2020-06-01T182329.243.jpg,260,194,tennis_ball,5,27,92,115
images - 2020-06-01T182329.452.jpg,265,190,tennis_ball,68,68,114,115
images - 2020-06-01T182329.989.jpg,249,202,tennis_ball,182,20,240,73
images - 2020-06-01T182329.989.jpg,249,202,tennis_ball,155,42,227,115
images - 2020-06-01T182329.989.jpg,249,202,tennis_ball,94,65,178,150
images - 2020-06-01T182329.989.jpg,249,202,tennis_ball,1,101,92,187
images - 2020-06-01T182330.129.jpg,275,183,tennis_ball,31,60,108,134
images - 2020-06-01T182330.406.jpg,275,183,tennis_ball,215,56,223,65
images - 2020-06-01T182330.609.jpg,268,188,tennis_ball,141,87,219,164
images - 2020-06-01T182330.832.jpg,299,168,tennis_ball,98,56,165,125
images - 2020-06-01T182331.138.jpg,275,183,tennis_ball,112,73,163,126
images - 2020-06-01T182331.396.jpg,299,168,tennis_ball,73,92,109,130
images - 2020-06-01T182331.598.jpg,275,183,tennis_ball,115,75,150,112
images - 2020-06-01T182331.861.jpg,276,183,tennis_ball,53,46,147,137
images - 2020-06-01T182332.098.jpg,262,192,tennis_ball,51,35,92,74
images - 2020-06-01T182332.378.jpg,316,160,tennis_ball,108,26,114,32
images - 2020-06-01T182332.539.jpg,275,183,tennis_ball,203,55,224,76
images - 2020-06-01T182332.804.jpg,226,223,tennis_ball,91,79,159,150
images - 2020-06-01T182333.104.jpg,262,192,tennis_ball,8,57,76,124
images - 2020-06-01T182333.390.jpg,183,275,tennis_ball,76,65,89,76
images - 2020-06-01T182333.390.jpg,183,275,tennis_ball,90,72,102,85
images - 2020-06-01T182333.390.jpg,183,275,tennis_ball,74,73,87,87
images - 2020-06-01T182333.799.jpg,259,194,tennis_ball,49,92,75,118
images - 2020-06-01T182334.021.jpg,275,183,tennis_ball,87,55,160,128
images - 2020-06-01T182334.292.jpg,300,168,tennis_ball,168,69,262,160
images - 2020-06-01T182334.512.jpg,275,183,tennis_ball,64,66,123,123
images - 2020-06-01T182334.766.jpg,263,192,tennis_ball,21,27,70,73
images - 2020-06-01T182334.766.jpg,263,192,tennis_ball,121,20,169,66
images - 2020-06-01T182334.766.jpg,263,192,tennis_ball,40,68,131,156
images - 2020-06-01T182335.052.jpg,367,137,tennis_ball,183,5,195,18
images - 2020-06-01T182335.052.jpg,367,137,tennis_ball,165,5,178,18
images - 2020-06-01T182335.052.jpg,367,137,tennis_ball,1,14,13,27
images - 2020-06-01T182335.052.jpg,367,137,tennis_ball,22,89,42,110
images - 2020-06-01T182335.052.jpg,367,137,tennis_ball,95,114,117,136
images - 2020-06-01T182335.052.jpg,367,137,tennis_ball,201,82,220,101
images - 2020-06-01T182335.257.jpg,259,194,tennis_ball,144,60,233,147
images - 2020-06-01T182335.517.jpg,274,184,tennis_ball,125,65,161,102
images - 2020-06-01T182335.729.jpg,187,269,tennis_ball,100,24,117,42
images - 2020-06-01T182335.729.jpg,187,269,tennis_ball,13,47,29,65
images - 2020-06-01T182335.729.jpg,187,269,tennis_ball,135,198,155,221
images - 2020-06-01T182335.952.jpg,276,183,tennis_ball,141,68,176,104
images - 2020-06-01T182336.172.jpg,225,225,tennis_ball,45,31,199,183
images - 2020-06-01T182336.415.jpg,260,194,tennis_ball,195,123,232,161
images - 2020-06-01T182336.651.jpg,256,197,tennis_ball,74,79,169,173
images - 2020-06-01T182336.907.jpg,179,281,tennis_ball,74,127,153,206
images - 2020-06-01T182337.209.jpg,270,187,tennis_ball,28,22,133,130
images - 2020-06-01T182337.849.jpg,275,183,tennis_ball,159,56,194,90
images - 2020-06-01T182338.420.jpg,245,206,tennis_ball,109,87,134,112
images - 2020-06-01T182338.682.jpg,318,159,tennis_ball,37,21,68,52
images - 2020-06-01T182338.682.jpg,318,159,tennis_ball,28,50,60,79
images - 2020-06-01T182338.682.jpg,318,159,tennis_ball,90,37,119,67
images - 2020-06-01T182338.682.jpg,318,159,tennis_ball,107,63,137,93
images - 2020-06-01T182338.682.jpg,318,159,tennis_ball,141,76,171,107
images - 2020-06-01T182338.682.jpg,318,159,tennis_ball,157,142,186,159
images - 2020-06-01T182338.682.jpg,318,159,tennis_ball,292,120,318,151
images - 2020-06-01T182338.952.jpg,275,183,tennis_ball,56,86,115,144
images - 2020-06-01T182339.216.jpg,275,183,tennis_ball,160,54,249,142
images - 2020-06-01T182339.420.jpg,273,184,tennis_ball,127,21,228,122
images - 2020-06-01T182339.723.jpg,275,183,tennis_ball,140,33,167,61
images - 2020-06-01T182339.723.jpg,275,183,tennis_ball,23,89,56,121
images - 2020-06-01T182339.915.jpg,260,194,tennis_ball,142,87,172,115
images - 2020-06-01T182340.156.jpg,263,191,tennis_ball,59,115,80,136
images - 2020-06-01T182340.644.jpg,275,183,tennis_ball,96,75,109,89
images - 2020-06-01T182340.644.jpg,275,183,tennis_ball,180,113,195,129
images - 2020-06-01T182340.895.jpg,275,183,tennis_ball,92,108,102,119
images - 2020-06-01T182341.408.jpg,322,156,tennis_ball,39,75,73,109
images - 2020-06-01T182341.408.jpg,322,156,tennis_ball,131,70,189,125
images - 2020-06-01T182341.408.jpg,322,156,tennis_ball,185,74,209,98
images - 2020-06-01T182341.408.jpg,322,156,tennis_ball,244,73,272,99
images - 2020-06-01T182341.598.jpg,265,190,tennis_ball,145,21,243,118
images - 2020-06-01T182341.822.jpg,275,183,tennis_ball,38,98,65,126
images - 2020-06-01T182341.822.jpg,275,183,tennis_ball,121,115,149,145
images - 2020-06-01T182342.117.jpg,275,183,tennis_ball,207,14,227,36
images - 2020-06-01T182342.372.jpg,275,183,tennis_ball,135,73,206,142
images - 2020-06-01T182342.372.jpg,275,183,tennis_ball,102,18,162,80
images - 2020-06-01T182342.592.jpg,276,183,tennis_ball,32,56,108,132
images - 2020-06-01T182342.779.jpg,299,169,tennis_ball,213,70,284,142
images - 2020-06-01T182343.101.jpg,275,183,tennis_ball,161,78,209,126
images - 2020-06-01T182343.306.jpg,267,189,tennis_ball,79,1,142,62
images - 2020-06-01T182343.306.jpg,267,189,tennis_ball,74,62,137,124
images - 2020-06-01T182343.306.jpg,267,189,tennis_ball,78,124,139,177
images - 2020-06-01T182343.544.jpg,324,156,tennis_ball,39,50,134,145
images - 2020-06-01T182343.806.jpg,276,183,tennis_ball,132,67,171,106
images - 2020-06-01T182344.062.jpg,262,192,tennis_ball,146,81,189,123
images - 2020-06-01T182344.062.jpg,262,192,tennis_ball,109,115,154,160
images - 2020-06-01T182344.295.jpg,265,190,tennis_ball,203,149,221,166
images - 2020-06-01T182344.295.jpg,265,190,tennis_ball,15,68,24,78
images - 2020-06-01T182344.581.jpg,275,183,tennis_ball,155,94,232,170
images - 2020-06-01T182344.791.jpg,279,181,tennis_ball,178,86,234,140
images - 2020-06-01T182345.063.jpg,267,189,tennis_ball,149,40,214,107
images - 2020-06-01T182345.341.jpg,275,183,tennis_ball,179,59,224,104
images - 2020-06-01T182345.530.jpg,268,188,tennis_ball,174,7,268,111
images - 2020-06-01T182345.789.jpg,275,183,tennis_ball,106,53,207,153
images - 2020-06-01T182346.064.jpg,260,194,tennis_ball,1,54,65,133
images - 2020-06-01T182346.064.jpg,260,194,tennis_ball,63,58,127,125
images - 2020-06-01T182346.064.jpg,260,194,tennis_ball,120,55,208,147
images - 2020-06-01T182346.064.jpg,260,194,tennis_ball,199,61,260,130
images - 2020-06-01T182346.276.jpg,252,200,tennis_ball,14,107,63,151
images - 2020-06-01T182346.276.jpg,252,200,tennis_ball,47,82,92,128
images - 2020-06-01T182346.276.jpg,252,200,tennis_ball,71,116,119,162
images - 2020-06-01T182346.276.jpg,252,200,tennis_ball,102,82,145,127
images - 2020-06-01T182346.276.jpg,252,200,tennis_ball,140,104,188,150
images - 2020-06-01T182346.524.jpg,268,188,tennis_ball,80,53,169,144
images - 2020-06-01T182346.764.jpg,183,275,tennis_ball,118,29,137,51
images - 2020-06-01T182347.386.jpg,275,183,tennis_ball,236,77,263,102
images - 2020-06-01T182347.473.jpg,263,192,tennis_ball,110,74,150,114
images - 2020-06-01T182347.726.jpg,260,194,tennis_ball,113,79,153,120
images - 2020-06-01T182347.987.jpg,275,183,tennis_ball,148,139,163,155
images - 2020-06-01T182348.222.jpg,275,183,tennis_ball,118,98,167,149
images - 2020-06-01T182348.559.jpg,275,183,tennis_ball,52,80,112,142
images - 2020-06-01T182348.721.jpg,275,183,tennis_ball,112,85,163,136
images - 2020-06-01T182349.176.jpg,299,168,tennis_ball,152,82,160,90
images - 2020-06-01T182349.176.jpg,299,168,tennis_ball,169,73,177,81
images - 2020-06-01T182349.176.jpg,299,168,tennis_ball,209,53,215,61
images - 2020-06-01T182349.176.jpg,299,168,tennis_ball,171,51,176,56
images - 2020-06-01T182349.176.jpg,299,168,tennis_ball,157,52,161,57
images - 2020-06-01T182349.176.jpg,299,168,tennis_ball,162,53,167,60
images - 2020-06-01T182349.427.jpg,275,183,tennis_ball,178,76,217,117
images - 2020-06-01T182349.427.jpg,275,183,tennis_ball,86,8,111,34
images - 2020-06-01T182349.427.jpg,275,183,tennis_ball,32,13,55,37
images - 2020-06-01T182349.951.jpg,275,183,tennis_ball,115,65,168,119
images - 2020-06-01T182350.193.jpg,266,189,tennis_ball,54,112,84,144
images - 2020-06-01T182350.680.jpg,262,192,tennis_ball,13,43,99,130
images - 2020-06-01T182350.680.jpg,262,192,tennis_ball,87,62,180,153
images - 2020-06-01T182350.944.jpg,142,179,tennis_ball,52,99,103,151
images - 2020-06-01T182351.178.jpg,275,183,tennis_ball,153,39,250,135
images - 2020-06-01T182351.431.jpg,275,183,tennis_ball,163,30,218,87
images - 2020-06-01T182351.696.jpg,260,194,tennis_ball,154,142,170,160
images - 2020-06-01T182351.696.jpg,260,194,tennis_ball,166,135,180,150
images - 2020-06-01T182351.696.jpg,260,194,tennis_ball,191,138,205,153
images - 2020-06-01T182352.179.jpg,275,183,tennis_ball,106,84,155,131
images - 2020-06-01T182352.405.jpg,225,225,tennis_ball,116,98,154,138
images - 2020-06-01T182352.626.jpg,275,183,tennis_ball,182,80,241,141
images - 2020-06-01T182352.626.jpg,275,183,tennis_ball,131,9,182,62
images - 2020-06-01T182352.874.jpg,275,183,tennis_ball,73,48,178,153
images - 2020-06-01T182353.124.jpg,262,192,tennis_ball,151,59,195,104
images - 2020-06-01T182353.124.jpg,262,192,tennis_ball,137,39,177,76
images - 2020-06-01T182353.650.jpg,265,190,tennis_ball,206,105,238,138
images - 2020-06-01T182353.846.jpg,275,183,tennis_ball,163,90,230,156
images - 2020-06-01T182354.092.jpg,183,275,tennis_ball,43,34,54,46
images - 2020-06-01T182354.347.jpg,183,275,tennis_ball,47,143,95,190
images - 2020-06-01T182354.594.jpg,261,193,tennis_ball,67,90,132,155
images - 2020-06-01T182354.594.jpg,261,193,tennis_ball,122,44,172,98
images - 2020-06-01T182354.594.jpg,261,193,tennis_ball,157,11,202,57
images - 2020-06-01T182354.885.jpg,266,189,tennis_ball,106,32,153,80
images - 2020-06-01T182355.101.jpg,183,275,tennis_ball,33,18,44,30
images - 2020-06-01T182355.101.jpg,183,275,tennis_ball,111,15,120,26
images - 2020-06-01T182355.101.jpg,183,275,tennis_ball,105,81,113,90
images - 2020-06-01T182355.101.jpg,183,275,tennis_ball,96,93,105,103
images - 2020-06-01T182355.101.jpg,183,275,tennis_ball,23,32,33,45
images - 2020-06-01T182355.101.jpg,183,275,tennis_ball,33,36,46,49
images - 2020-06-01T182355.101.jpg,183,275,tennis_ball,54,47,63,57
images - 2020-06-01T182355.101.jpg,183,275,tennis_ball,52,58,61,68
images - 2020-06-01T182355.101.jpg,183,275,tennis_ball,42,82,52,92
images - 2020-06-01T182355.101.jpg,183,275,tennis_ball,34,90,46,101
images - 2020-06-01T182355.101.jpg,183,275,tennis_ball,54,110,63,120
images - 2020-06-01T182355.101.jpg,183,275,tennis_ball,64,133,72,143
images - 2020-06-01T182355.101.jpg,183,275,tennis_ball,51,145,60,155
images - 2020-06-01T182355.101.jpg,183,275,tennis_ball,17,151,28,162
images - 2020-06-01T182355.101.jpg,183,275,tennis_ball,65,177,72,187
images - 2020-06-01T182355.101.jpg,183,275,tennis_ball,71,179,80,190
images - 2020-06-01T182355.101.jpg,183,275,tennis_ball,62,198,73,207
images - 2020-06-01T182355.101.jpg,183,275,tennis_ball,63,214,73,224
images - 2020-06-01T182355.101.jpg,183,275,tennis_ball,68,222,76,232
images - 2020-06-01T182355.101.jpg,183,275,tennis_ball,66,230,73,236
images - 2020-06-01T182355.101.jpg,183,275,tennis_ball,72,233,80,240
images - 2020-06-01T182355.101.jpg,183,275,tennis_ball,62,235,73,246
images - 2020-06-01T182355.101.jpg,183,275,tennis_ball,83,266,92,275
images - 2020-06-01T182355.101.jpg,183,275,tennis_ball,109,264,115,272
images - 2020-06-01T182355.101.jpg,183,275,tennis_ball,98,233,102,239
images - 2020-06-01T182355.101.jpg,183,275,tennis_ball,100,214,107,221
images - 2020-06-01T182355.101.jpg,183,275,tennis_ball,104,216,111,224
images - 2020-06-01T182355.101.jpg,183,275,tennis_ball,120,229,125,234
images - 2020-06-01T182355.101.jpg,183,275,tennis_ball,123,220,128,226
images - 2020-06-01T182355.101.jpg,183,275,tennis_ball,134,229,142,235
images - 2020-06-01T182355.101.jpg,183,275,tennis_ball,131,206,136,211
images - 2020-06-01T182355.101.jpg,183,275,tennis_ball,116,198,123,205
images - 2020-06-01T182355.101.jpg,183,275,tennis_ball,99,170,108,180
images - 2020-06-01T182355.101.jpg,183,275,tennis_ball,123,168,128,174
images - 2020-06-01T182355.101.jpg,183,275,tennis_ball,134,184,140,192
images - 2020-06-01T182355.101.jpg,183,275,tennis_ball,157,246,162,252
images - 2020-06-01T182355.101.jpg,183,275,tennis_ball,135,167,142,174
images - 2020-06-01T182355.101.jpg,183,275,tennis_ball,130,167,139,174
images - 2020-06-01T182355.101.jpg,183,275,tennis_ball,129,170,134,176
images - 2020-06-01T182355.101.jpg,183,275,tennis_ball,109,136,116,145
images - 2020-06-01T182355.101.jpg,183,275,tennis_ball,118,143,125,152
images - 2020-06-01T182355.101.jpg,183,275,tennis_ball,126,150,132,157
images - 2020-06-01T182355.101.jpg,183,275,tennis_ball,112,154,118,162
images - 2020-06-01T182355.101.jpg,183,275,tennis_ball,101,139,107,145
images - 2020-06-01T182355.336.jpg,183,275,tennis_ball,81,248,93,257
images - 2020-06-01T182355.336.jpg,183,275,tennis_ball,3,251,15,264
images - 2020-06-01T182355.336.jpg,183,275,tennis_ball,83,78,94,90
images - 2020-06-01T182355.595.jpg,275,183,tennis_ball,36,101,58,124
images - 2020-06-01T182355.837.jpg,277,182,tennis_ball,121,44,175,99
images - 2020-06-01T182355.837.jpg,277,182,tennis_ball,141,99,198,156
images - 2020-06-01T182355.837.jpg,277,182,tennis_ball,193,27,248,85
images - 2020-06-01T182356.113.jpg,275,183,tennis_ball,122,80,146,105
images - 2020-06-01T182356.331.jpg,264,191,tennis_ball,176,90,248,159
images - 2020-06-01T182356.555.jpg,248,203,tennis_ball,16,31,153,167
images - 2020-06-01T182356.886.jpg,275,183,tennis_ball,151,117,170,136
images - 2020-06-01T182356.886.jpg,275,183,tennis_ball,129,77,144,92
images - 2020-06-01T182356.886.jpg,275,183,tennis_ball,112,20,125,33
images - 2020-06-01T182357.406.jpg,275,183,tennis_ball,157,57,222,122
images - 2020-06-01T182357.694.jpg,275,183,tennis_ball,180,58,206,82
images - 2020-06-01T182358.138.jpg,275,183,tennis_ball,173,56,219,104
images - 2020-06-01T182358.379.jpg,194,259,tennis_ball,107,164,121,178
images - 2020-06-01T182358.600.jpg,275,183,tennis_ball,87,74,144,130
images - 2020-06-01T182358.600.jpg,275,183,tennis_ball,31,43,86,97
images - 2020-06-01T182358.600.jpg,275,183,tennis_ball,9,87,66,144
images - 2020-06-01T182358.853.jpg,275,183,tennis_ball,38,58,115,137
images - 2020-06-01T182359.135.jpg,300,168,tennis_ball,118,35,159,75
images - 2020-06-01T182359.333.jpg,275,183,tennis_ball,1,30,126,158
tennis_ball (1).jpeg,474,316,tennis_ball,51,94,158,197
tennis_ball (10).jpeg,474,343,tennis_ball,289,121,431,257
tennis_ball (100).jpeg,474,315,tennis_ball,200,130,273,202
tennis_ball (102).jpeg,474,475,tennis_ball,37,97,46,107
tennis_ball (102).jpeg,474,475,tennis_ball,140,145,150,155
tennis_ball (102).jpeg,474,475,tennis_ball,329,13,337,22
tennis_ball (103).jpeg,450,320,tennis_ball,197,131,246,181
tennis_ball (109).jpeg,474,315,tennis_ball,205,146,311,250
tennis_ball (11).jpeg,474,337,tennis_ball,240,136,300,194
tennis_ball (111).jpeg,450,320,tennis_ball,138,109,168,138
tennis_ball (112).jpeg,340,222,tennis_ball,148,95,161,109
tennis_ball (113).jpeg,474,315,tennis_ball,215,135,280,200
tennis_ball (113).jpeg,474,315,tennis_ball,103,215,180,291
tennis_ball (113).jpeg,474,315,tennis_ball,41,206,111,279
tennis_ball (113).jpeg,474,315,tennis_ball,81,101,138,158
tennis_ball (113).jpeg,474,315,tennis_ball,129,72,186,126
tennis_ball (113).jpeg,474,315,tennis_ball,161,57,212,111
tennis_ball (113).jpeg,474,315,tennis_ball,224,38,279,90
tennis_ball (113).jpeg,474,315,tennis_ball,257,1,305,40
tennis_ball (113).jpeg,474,315,tennis_ball,317,1,361,18
tennis_ball (113).jpeg,474,315,tennis_ball,370,1,418,34
tennis_ball (114).jpeg,474,306,tennis_ball,309,128,402,217
tennis_ball (114).jpeg,474,306,tennis_ball,281,157,382,251
tennis_ball (115).jpeg,466,700,tennis_ball,131,290,330,485
tennis_ball (116).jpeg,474,315,tennis_ball,88,147,184,242
tennis_ball (117).jpeg,450,320,tennis_ball,84,31,238,186
tennis_ball (12).jpeg,450,320,tennis_ball,184,164,247,226
tennis_ball (123).jpeg,474,316,tennis_ball,178,152,275,242
tennis_ball (124).jpeg,300,183,tennis_ball,125,120,138,134
tennis_ball (125).jpeg,474,363,tennis_ball,249,128,354,235
tennis_ball (126).jpeg,474,760,tennis_ball,126,485,165,526
tennis_ball (128).jpeg,450,348,tennis_ball,200,139,272,211
tennis_ball (129).jpeg,474,315,tennis_ball,172,280,188,295
tennis_ball (129).jpeg,474,315,tennis_ball,110,256,124,271
tennis_ball (129).jpeg,474,315,tennis_ball,55,263,71,278
tennis_ball (129).jpeg,474,315,tennis_ball,14,241,27,256
tennis_ball (129).jpeg,474,315,tennis_ball,51,229,64,242
tennis_ball (129).jpeg,474,315,tennis_ball,68,206,81,218
tennis_ball (129).jpeg,474,315,tennis_ball,8,225,20,238
tennis_ball (129).jpeg,474,315,tennis_ball,20,204,32,217
tennis_ball (129).jpeg,474,315,tennis_ball,57,180,67,191
tennis_ball (129).jpeg,474,315,tennis_ball,9,172,20,182
tennis_ball (129).jpeg,474,315,tennis_ball,1,189,6,200
tennis_ball (129).jpeg,474,315,tennis_ball,87,142,95,152
tennis_ball (129).jpeg,474,315,tennis_ball,137,196,147,205
tennis_ball (129).jpeg,474,315,tennis_ball,171,181,181,190
tennis_ball (129).jpeg,474,315,tennis_ball,98,116,106,124
tennis_ball (129).jpeg,474,315,tennis_ball,114,121,122,130
tennis_ball (129).jpeg,474,315,tennis_ball,148,134,157,144
tennis_ball (129).jpeg,474,315,tennis_ball,145,153,155,163
tennis_ball (129).jpeg,474,315,tennis_ball,179,145,187,154
tennis_ball (129).jpeg,474,315,tennis_ball,182,120,189,128
tennis_ball (129).jpeg,474,315,tennis_ball,168,103,175,111
tennis_ball (129).jpeg,474,315,tennis_ball,189,92,196,100
tennis_ball (129).jpeg,474,315,tennis_ball,223,100,231,108
tennis_ball (129).jpeg,474,315,tennis_ball,215,113,224,122
tennis_ball (129).jpeg,474,315,tennis_ball,226,121,235,130
tennis_ball (129).jpeg,474,315,tennis_ball,218,130,226,139
tennis_ball (129).jpeg,474,315,tennis_ball,205,156,215,162
tennis_ball (129).jpeg,474,315,tennis_ball,183,204,195,216
tennis_ball (129).jpeg,474,315,tennis_ball,139,211,150,224
tennis_ball (129).jpeg,474,315,tennis_ball,169,221,181,234
tennis_ball (129).jpeg,474,315,tennis_ball,171,241,185,255
tennis_ball (129).jpeg,474,315,tennis_ball,205,252,219,267
tennis_ball (129).jpeg,474,315,tennis_ball,216,214,228,227
tennis_ball (129).jpeg,474,315,tennis_ball,235,208,245,219
tennis_ball (129).jpeg,474,315,tennis_ball,265,233,277,245
tennis_ball (129).jpeg,474,315,tennis_ball,268,259,282,273
tennis_ball (129).jpeg,474,315,tennis_ball,296,251,310,264
tennis_ball (129).jpeg,474,315,tennis_ball,319,243,331,256
tennis_ball (129).jpeg,474,315,tennis_ball,325,263,340,278
tennis_ball (129).jpeg,474,315,tennis_ball,347,289,363,304
tennis_ball (129).jpeg,474,315,tennis_ball,375,257,389,272
tennis_ball (129).jpeg,474,315,tennis_ball,344,227,357,241
tennis_ball (129).jpeg,474,315,tennis_ball,321,190,332,202
tennis_ball (129).jpeg,474,315,tennis_ball,390,200,402,212
tennis_ball (129).jpeg,474,315,tennis_ball,393,182,405,194
tennis_ball (129).jpeg,474,315,tennis_ball,459,176,471,188
tennis_ball (129).jpeg,474,315,tennis_ball,411,160,422,171
tennis_ball (129).jpeg,474,315,tennis_ball,431,145,441,155
tennis_ball (129).jpeg,474,315,tennis_ball,370,148,380,159
tennis_ball (129).jpeg,474,315,tennis_ball,324,145,333,154
tennis_ball (129).jpeg,474,315,tennis_ball,273,147,282,156
tennis_ball (129).jpeg,474,315,tennis_ball,244,150,253,160
tennis_ball (129).jpeg,474,315,tennis_ball,226,142,236,151
tennis_ball (129).jpeg,474,315,tennis_ball,244,135,254,146
tennis_ball (129).jpeg,474,315,tennis_ball,263,128,271,136
tennis_ball (129).jpeg,474,315,tennis_ball,295,114,304,124
tennis_ball (129).jpeg,474,315,tennis_ball,264,102,272,110
tennis_ball (129).jpeg,474,315,tennis_ball,271,87,279,96
tennis_ball (129).jpeg,474,315,tennis_ball,322,95,330,102
tennis_ball (129).jpeg,474,315,tennis_ball,322,104,330,112
tennis_ball (129).jpeg,474,315,tennis_ball,307,124,316,134
tennis_ball (129).jpeg,474,315,tennis_ball,329,121,338,130
tennis_ball (129).jpeg,474,315,tennis_ball,351,115,360,124
tennis_ball (129).jpeg,474,315,tennis_ball,351,133,361,143
tennis_ball (129).jpeg,474,315,tennis_ball,378,128,388,137
tennis_ball (129).jpeg,474,315,tennis_ball,408,119,418,128
tennis_ball (129).jpeg,474,315,tennis_ball,399,108,407,117
tennis_ball (13).jpeg,450,320,tennis_ball,310,127,384,201
tennis_ball (130).jpeg,474,315,tennis_ball,73,279,89,295
tennis_ball (130).jpeg,474,315,tennis_ball,65,247,79,263
tennis_ball (130).jpeg,474,315,tennis_ball,78,221,91,237
tennis_ball (130).jpeg,474,315,tennis_ball,73,201,87,215
tennis_ball (130).jpeg,474,315,tennis_ball,68,182,80,195
tennis_ball (130).jpeg,474,315,tennis_ball,117,193,130,206
tennis_ball (130).jpeg,474,315,tennis_ball,130,225,143,239
tennis_ball (130).jpeg,474,315,tennis_ball,112,252,127,267
tennis_ball (130).jpeg,474,315,tennis_ball,176,288,192,304
tennis_ball (130).jpeg,474,315,tennis_ball,243,271,259,288
tennis_ball (130).jpeg,474,315,tennis_ball,240,246,254,261
tennis_ball (130).jpeg,474,315,tennis_ball,202,235,216,249
tennis_ball (130).jpeg,474,315,tennis_ball,194,231,207,246
tennis_ball (130).jpeg,474,315,tennis_ball,148,150,158,160
tennis_ball (130).jpeg,474,315,tennis_ball,160,120,169,129
tennis_ball (130).jpeg,474,315,tennis_ball,176,127,186,136
tennis_ball (130).jpeg,474,315,tennis_ball,212,141,223,152
tennis_ball (130).jpeg,474,315,tennis_ball,231,106,241,116
tennis_ball (130).jpeg,474,315,tennis_ball,253,94,262,102
tennis_ball (130).jpeg,474,315,tennis_ball,210,163,220,174
tennis_ball (130).jpeg,474,315,tennis_ball,255,225,268,239
tennis_ball (130).jpeg,474,315,tennis_ball,292,238,307,253
tennis_ball (130).jpeg,474,315,tennis_ball,283,286,298,301
tennis_ball (130).jpeg,474,315,tennis_ball,349,263,364,279
tennis_ball (130).jpeg,474,315,tennis_ball,387,287,404,303
tennis_ball (130).jpeg,474,315,tennis_ball,354,297,372,315
tennis_ball (130).jpeg,474,315,tennis_ball,422,306,443,315
tennis_ball (130).jpeg,474,315,tennis_ball,413,278,429,293
tennis_ball (130).jpeg,474,315,tennis_ball,440,258,455,273
tennis_ball (130).jpeg,474,315,tennis_ball,418,227,432,239
tennis_ball (130).jpeg,474,315,tennis_ball,407,210,419,223
tennis_ball (130).jpeg,474,315,tennis_ball,391,182,403,192
tennis_ball (130).jpeg,474,315,tennis_ball,363,172,375,183
tennis_ball (130).jpeg,474,315,tennis_ball,312,231,326,245
tennis_ball (130).jpeg,474,315,tennis_ball,348,157,359,168
tennis_ball (130).jpeg,474,315,tennis_ball,336,135,345,144
tennis_ball (130).jpeg,474,315,tennis_ball,334,105,343,113
tennis_ball (130).jpeg,474,315,tennis_ball,342,89,349,96
tennis_ball (130).jpeg,474,315,tennis_ball,370,120,380,130
tennis_ball (130).jpeg,474,315,tennis_ball,398,97,406,105
tennis_ball (130).jpeg,474,315,tennis_ball,398,107,407,116
tennis_ball (130).jpeg,474,315,tennis_ball,385,132,394,141
tennis_ball (130).jpeg,474,315,tennis_ball,405,155,415,165
tennis_ball (130).jpeg,474,315,tennis_ball,408,128,418,137
tennis_ball (130).jpeg,474,315,tennis_ball,432,121,441,130
tennis_ball (130).jpeg,474,315,tennis_ball,434,142,445,152
tennis_ball (130).jpeg,474,315,tennis_ball,464,136,474,145
tennis_ball (130).jpeg,474,315,tennis_ball,458,160,469,172
tennis_ball (131).jpeg,270,194,tennis_ball,111,70,167,128
tennis_ball (138).jpeg,300,200,tennis_ball,39,97,90,151
tennis_ball (139).jpeg,300,197,tennis_ball,35,100,45,110
tennis_ball (14).jpeg,450,320,tennis_ball,253,158,289,195
tennis_ball (140).jpeg,474,266,tennis_ball,262,46,412,196
tennis_ball (141).jpeg,474,332,tennis_ball,65,45,243,225
tennis_ball (142).jpeg,474,314,tennis_ball,267,70,441,238
tennis_ball (143).jpeg,474,316,tennis_ball,174,129,259,214
tennis_ball (144).jpeg,474,322,tennis_ball,45,115,242,304
tennis_ball (144).jpeg,474,322,tennis_ball,241,118,421,305
tennis_ball (15).jpeg,450,320,tennis_ball,275,137,321,184
tennis_ball (151).jpeg,270,194,tennis_ball,51,86,96,130
tennis_ball (152).jpeg,270,194,tennis_ball,34,26,65,56
tennis_ball (153).jpeg,474,316,tennis_ball,242,56,290,106
tennis_ball (153).jpeg,474,316,tennis_ball,40,153,98,210
tennis_ball (155).jpeg,474,266,tennis_ball,150,135,155,141
tennis_ball (156).jpeg,474,355,tennis_ball,64,116,241,293
tennis_ball (157).jpeg,241,160,tennis_ball,189,54,200,65
tennis_ball (158).jpeg,338,507,tennis_ball,190,43,203,56
tennis_ball (159).jpeg,300,470,tennis_ball,153,209,236,293
tennis_ball (166).jpeg,474,316,tennis_ball,194,117,276,201
tennis_ball (167).jpeg,415,470,tennis_ball,146,166,193,213
tennis_ball (168).jpeg,474,514,tennis_ball,167,189,221,243
tennis_ball (169).jpeg,474,314,tennis_ball,226,101,279,154
tennis_ball (17).jpeg,474,316,tennis_ball,149,44,186,81
tennis_ball (17).jpeg,474,316,tennis_ball,125,78,177,132
tennis_ball (17).jpeg,474,316,tennis_ball,58,71,103,115
tennis_ball (17).jpeg,474,316,tennis_ball,266,122,356,210
tennis_ball (170).jpeg,300,232,tennis_ball,161,126,213,178
tennis_ball (170).jpeg,300,232,tennis_ball,49,15,96,59
tennis_ball (171).jpeg,474,403,tennis_ball,256,86,427,258
tennis_ball (172).jpeg,300,228,tennis_ball,106,36,195,124
tennis_ball (173).jpeg,474,316,tennis_ball,295,137,341,182
tennis_ball (179).jpeg,450,320,tennis_ball,90,190,145,242
tennis_ball (18).jpeg,474,316,tennis_ball,234,38,416,216
tennis_ball (180).jpeg,474,184,tennis_ball,239,14,383,155
tennis_ball (181).jpeg,474,316,tennis_ball,371,97,385,111
tennis_ball (182).jpeg,474,266,tennis_ball,261,95,394,231
tennis_ball (183).jpeg,474,315,tennis_ball,47,89,202,243
tennis_ball (184).jpeg,474,267,tennis_ball,232,165,263,196
tennis_ball (185).jpeg,474,266,tennis_ball,290,1,334,29
tennis_ball (185).jpeg,474,266,tennis_ball,71,1,116,21
tennis_ball (185).jpeg,474,266,tennis_ball,235,95,283,144
tennis_ball (185).jpeg,474,266,tennis_ball,317,195,369,248
tennis_ball (186).jpeg,241,160,tennis_ball,156,58,191,93
tennis_ball (187).jpeg,474,316,tennis_ball,325,167,401,243
tennis_ball (19).jpeg,474,314,tennis_ball,227,100,280,154
tennis_ball (193).jpeg,474,327,tennis_ball,273,216,285,229
tennis_ball (194).jpeg,474,336,tennis_ball,232,161,274,203
tennis_ball (194).jpeg,474,336,tennis_ball,173,194,241,262
tennis_ball (194).jpeg,474,336,tennis_ball,308,179,390,258
tennis_ball (195).jpeg,450,319,tennis_ball,182,93,191,104
tennis_ball (195).jpeg,450,319,tennis_ball,114,75,121,84
tennis_ball (195).jpeg,450,319,tennis_ball,27,55,35,65
tennis_ball (195).jpeg,450,319,tennis_ball,44,67,57,81
tennis_ball (195).jpeg,450,319,tennis_ball,91,74,103,86
tennis_ball (195).jpeg,450,319,tennis_ball,67,78,83,94
tennis_ball (195).jpeg,450,319,tennis_ball,56,84,79,105
tennis_ball (195).jpeg,450,319,tennis_ball,14,74,39,96
tennis_ball (195).jpeg,450,319,tennis_ball,86,100,114,127
tennis_ball (195).jpeg,450,319,tennis_ball,128,93,145,112
tennis_ball (195).jpeg,450,319,tennis_ball,185,111,205,130
tennis_ball (195).jpeg,450,319,tennis_ball,258,115,268,126
tennis_ball (195).jpeg,450,319,tennis_ball,299,129,313,143
tennis_ball (195).jpeg,450,319,tennis_ball,402,170,427,192
tennis_ball (196).jpeg,474,329,tennis_ball,301,104,372,169
tennis_ball (197).jpeg,474,350,tennis_ball,57,22,352,312
tennis_ball (198).jpeg,306,204,tennis_ball,115,96,177,156
tennis_ball (199).jpeg,450,358,tennis_ball,76,142,125,189
tennis_ball (2).jpeg,474,316,tennis_ball,86,101,243,257
tennis_ball (20).jpeg,474,266,tennis_ball,66,79,180,187
tennis_ball (200).jpeg,474,315,tennis_ball,255,107,398,248
tennis_ball (201).jpeg,400,260,tennis_ball,124,51,283,210
tennis_ball (201).jpeg,400,260,tennis_ball,71,19,120,66
tennis_ball (201).jpeg,400,260,tennis_ball,261,13,295,46
tennis_ball (202).jpeg,474,781,tennis_ball,221,24,244,47
tennis_ball (203).jpeg,474,474,tennis_ball,92,183,215,305
tennis_ball (203).jpeg,474,474,tennis_ball,284,181,429,323
tennis_ball (204).jpeg,160,120,tennis_ball,71,23,105,57
tennis_ball (205).jpeg,474,711,tennis_ball,212,562,236,587
tennis_ball (206).jpeg,474,711,tennis_ball,290,511,329,550
tennis_ball (207).jpeg,474,237,tennis_ball,255,49,362,159
tennis_ball (208).jpeg,474,316,tennis_ball,236,85,314,163
tennis_ball (209).jpeg,300,200,tennis_ball,192,110,202,121
tennis_ball (21).jpeg,270,194,tennis_ball,48,46,75,73
tennis_ball (210).jpeg,474,315,tennis_ball,139,91,196,148
tennis_ball (210).jpeg,474,315,tennis_ball,84,162,142,221
tennis_ball (210).jpeg,474,315,tennis_ball,13,130,70,186
tennis_ball (211).jpeg,474,347,tennis_ball,115,150,192,225
tennis_ball (212).jpeg,474,347,tennis_ball,122,167,193,237
tennis_ball (213).jpeg,474,643,tennis_ball,180,412,246,477
tennis_ball (214).jpeg,474,313,tennis_ball,102,125,183,207
tennis_ball (215).jpeg,474,347,tennis_ball,103,108,221,222
tennis_ball (216).jpeg,474,348,tennis_ball,196,84,388,269
tennis_ball (217).jpeg,474,316,tennis_ball,286,27,383,123
tennis_ball (218).jpeg,474,315,tennis_ball,232,187,292,246
tennis_ball (219).jpeg,474,315,tennis_ball,261,129,332,198
tennis_ball (22).jpeg,270,194,tennis_ball,58,108,105,155
tennis_ball (220).jpeg,474,348,tennis_ball,288,137,381,226
tennis_ball (221).jpeg,474,334,tennis_ball,335,80,376,121
tennis_ball (222).jpeg,474,237,tennis_ball,339,108,452,220
tennis_ball (223).jpeg,474,348,tennis_ball,155,17,212,75
tennis_ball (224).jpeg,474,315,tennis_ball,142,64,243,164
tennis_ball (225).jpeg,474,348,tennis_ball,95,100,178,181
tennis_ball (226).jpeg,474,349,tennis_ball,161,67,260,164
tennis_ball (227).jpeg,474,760,tennis_ball,212,325,389,497
tennis_ball (228).jpeg,474,402,tennis_ball,249,201,426,378
tennis_ball (229).jpeg,474,348,tennis_ball,192,212,294,310
tennis_ball (23).jpeg,474,347,tennis_ball,277,118,401,238
tennis_ball (230).jpeg,474,250,tennis_ball,26,95,99,168
tennis_ball (230).jpeg,474,250,tennis_ball,279,107,362,190
tennis_ball (230).jpeg,474,250,tennis_ball,324,38,416,125
tennis_ball (230).jpeg,474,250,tennis_ball,355,109,446,201
tennis_ball (231).jpeg,474,316,tennis_ball,185,86,219,118
tennis_ball (232).jpeg,474,305,tennis_ball,113,30,355,266
tennis_ball (233).jpeg,474,267,tennis_ball,154,129,221,198
tennis_ball (234).jpeg,474,315,tennis_ball,180,173,221,215
tennis_ball (235).jpeg,474,315,tennis_ball,47,163,149,263
tennis_ball (236).jpeg,474,315,tennis_ball,184,162,254,231
tennis_ball (236).jpeg,474,315,tennis_ball,167,136,214,183
tennis_ball (236).jpeg,474,315,tennis_ball,315,138,365,187
tennis_ball (236).jpeg,474,315,tennis_ball,308,106,328,129
tennis_ball (237).jpeg,226,338,tennis_ball,160,153,172,166
tennis_ball (237).jpeg,226,338,tennis_ball,180,172,193,186
tennis_ball (237).jpeg,226,338,tennis_ball,133,163,145,177
tennis_ball (237).jpeg,226,338,tennis_ball,41,186,54,200
tennis_ball (238).jpeg,390,280,tennis_ball,13,86,113,184
tennis_ball (239).jpeg,390,280,tennis_ball,65,63,196,194
tennis_ball (24).jpeg,474,347,tennis_ball,289,141,352,203
tennis_ball (240).jpeg,474,388,tennis_ball,251,159,346,255
tennis_ball (241).jpeg,474,295,tennis_ball,223,65,398,238
tennis_ball (244).jpeg,400,267,tennis_ball,261,46,308,93
tennis_ball (245).jpeg,450,320,tennis_ball,167,108,288,223
tennis_ball (246).jpeg,450,319,tennis_ball,258,102,336,180
tennis_ball (246).jpeg,450,319,tennis_ball,236,67,303,132
tennis_ball (247).jpeg,450,319,tennis_ball,219,161,317,259
tennis_ball (248).jpeg,474,348,tennis_ball,237,130,332,223
tennis_ball (249).jpeg,474,365,tennis_ball,87,163,215,288
tennis_ball (25).jpeg,474,347,tennis_ball,266,117,422,271
tennis_ball (250).jpeg,474,646,tennis_ball,176,375,253,454
tennis_ball (251).jpeg,400,308,tennis_ball,137,124,220,207
tennis_ball (252).jpeg,474,315,tennis_ball,127,106,271,251
tennis_ball (253).jpeg,474,432,tennis_ball,215,73,438,297
tennis_ball (254).jpeg,474,316,tennis_ball,217,142,263,188
tennis_ball (255).jpeg,474,348,tennis_ball,287,188,329,228
tennis_ball (255).jpeg,474,348,tennis_ball,128,202,170,243
tennis_ball (256).jpeg,400,272,tennis_ball,131,106,261,235
tennis_ball (256).jpeg,400,272,tennis_ball,26,115,125,211
tennis_ball (257).jpeg,474,316,tennis_ball,270,121,377,210
tennis_ball (258).jpeg,474,315,tennis_ball,213,131,260,178
tennis_ball (259).jpeg,400,400,tennis_ball,94,210,210,326
tennis_ball (26).jpeg,474,348,tennis_ball,55,108,173,223
tennis_ball (260).jpeg,474,354,tennis_ball,54,62,257,263
tennis_ball (261).jpeg,474,315,tennis_ball,90,117,236,259
tennis_ball (262).jpeg,474,331,tennis_ball,283,108,370,196
tennis_ball (263).jpeg,474,315,tennis_ball,51,161,131,241
tennis_ball (263).jpeg,474,315,tennis_ball,211,165,289,242
tennis_ball (263).jpeg,474,315,tennis_ball,284,152,350,217
tennis_ball (264).jpeg,474,348,tennis_ball,159,82,273,196
tennis_ball (265).jpeg,474,351,tennis_ball,54,121,189,255
tennis_ball (266).jpeg,474,337,tennis_ball,121,104,226,208
tennis_ball (266).jpeg,474,337,tennis_ball,102,116,133,161
tennis_ball (266).jpeg,474,337,tennis_ball,34,117,85,163
tennis_ball (267).jpeg,474,348,tennis_ball,79,120,111,142
tennis_ball (267).jpeg,474,348,tennis_ball,259,105,366,209
tennis_ball (267).jpeg,474,348,tennis_ball,23,114,97,189
tennis_ball (267).jpeg,474,348,tennis_ball,1,119,23,177
tennis_ball (268).jpeg,474,350,tennis_ball,54,120,189,256
tennis_ball (269).jpeg,474,341,tennis_ball,274,117,339,182
tennis_ball (27).jpeg,300,470,tennis_ball,137,129,154,146
tennis_ball (27).jpeg,300,470,tennis_ball,5,412,23,430
tennis_ball (27).jpeg,300,470,tennis_ball,135,406,153,419
tennis_ball (270).jpeg,474,316,tennis_ball,68,49,272,245
tennis_ball (271).jpeg,474,632,tennis_ball,210,311,281,383
tennis_ball (272).jpeg,474,348,tennis_ball,287,108,407,227
tennis_ball (273).jpeg,400,267,tennis_ball,156,95,235,173
tennis_ball (274).jpeg,474,348,tennis_ball,185,112,279,205
tennis_ball (275).jpeg,474,343,tennis_ball,182,108,255,179
tennis_ball (276).jpeg,448,336,tennis_ball,110,91,266,243
tennis_ball (277).jpeg,474,342,tennis_ball,338,108,348,117
tennis_ball (278).jpeg,474,267,tennis_ball,68,152,196,267
tennis_ball (279).jpeg,474,287,tennis_ball,172,66,302,195
tennis_ball (28).jpeg,474,757,tennis_ball,308,79,354,129
tennis_ball (280).jpeg,474,348,tennis_ball,204,132,288,214
tennis_ball (281).jpeg,300,299,tennis_ball,98,94,211,211
tennis_ball (282).jpeg,474,350,tennis_ball,60,182,119,239
tennis_ball (283).jpeg,474,348,tennis_ball,236,85,424,267
tennis_ball (284).jpeg,474,348,tennis_ball,340,99,474,221
tennis_ball (285).jpeg,474,652,tennis_ball,231,158,390,316
tennis_ball (286).jpeg,474,348,tennis_ball,48,107,178,233
tennis_ball (287).jpeg,474,346,tennis_ball,317,178,365,227
tennis_ball (29).jpeg,474,745,tennis_ball,130,127,151,150
tennis_ball (290).jpeg,474,348,tennis_ball,70,84,201,210
tennis_ball (291).jpeg,474,745,tennis_ball,22,368,279,627
tennis_ball (292).jpeg,474,346,tennis_ball,109,162,191,241
tennis_ball (293).jpeg,474,321,tennis_ball,230,133,262,165
tennis_ball (294).jpeg,474,347,tennis_ball,98,195,155,246
tennis_ball (295).jpeg,450,319,tennis_ball,136,113,188,165
tennis_ball (296).jpeg,474,347,tennis_ball,276,129,385,239
tennis_ball (297).jpeg,474,347,tennis_ball,308,115,376,183
tennis_ball (298).jpeg,474,346,tennis_ball,280,177,346,242
tennis_ball (299).jpeg,474,646,tennis_ball,249,493,340,584
tennis_ball (3).jpeg,474,266,tennis_ball,74,112,122,163
tennis_ball (3).jpeg,474,266,tennis_ball,97,122,156,178
tennis_ball (3).jpeg,474,266,tennis_ball,141,112,187,162
tennis_ball (3).jpeg,474,266,tennis_ball,159,127,218,178
tennis_ball (3).jpeg,474,266,tennis_ball,175,151,244,219
tennis_ball (3).jpeg,474,266,tennis_ball,221,170,301,250
tennis_ball (3).jpeg,474,266,tennis_ball,251,145,314,206
tennis_ball (3).jpeg,474,266,tennis_ball,212,105,255,150
tennis_ball (3).jpeg,474,266,tennis_ball,243,113,295,160
tennis_ball (3).jpeg,474,266,tennis_ball,255,101,299,135
tennis_ball (3).jpeg,474,266,tennis_ball,323,96,368,139
tennis_ball (30).jpeg,464,368,tennis_ball,83,250,161,328
tennis_ball (300).jpeg,474,252,tennis_ball,261,72,368,179
tennis_ball (301).jpeg,474,347,tennis_ball,217,136,316,237
tennis_ball (302).jpeg,474,647,tennis_ball,59,215,365,520
tennis_ball (303).jpeg,400,267,tennis_ball,235,132,304,205
tennis_ball (304).jpeg,474,348,tennis_ball,109,140,196,228
tennis_ball (305).jpeg,474,316,tennis_ball,236,42,414,214
tennis_ball (306).jpeg,474,347,tennis_ball,144,58,230,143
tennis_ball (306).jpeg,474,347,tennis_ball,139,17,220,83
tennis_ball (307).jpeg,474,347,tennis_ball,191,94,318,214
tennis_ball (308).jpeg,450,320,tennis_ball,183,90,301,204
tennis_ball (309).jpeg,474,760,tennis_ball,68,169,242,340
tennis_ball (31).jpeg,474,294,tennis_ball,153,55,312,215
tennis_ball (310).jpeg,474,315,tennis_ball,147,110,171,134
tennis_ball (311).jpeg,474,347,tennis_ball,288,144,339,194
tennis_ball (312).jpeg,474,355,tennis_ball,82,98,236,253
tennis_ball (312).jpeg,474,355,tennis_ball,237,103,394,261
tennis_ball (313).jpeg,467,350,tennis_ball,88,36,358,306
tennis_ball (314).jpeg,474,763,tennis_ball,150,306,411,565
tennis_ball (315).jpeg,474,712,tennis_ball,193,368,383,558
tennis_ball (316).jpeg,474,348,tennis_ball,179,96,343,263
tennis_ball (316).jpeg,474,348,tennis_ball,24,87,142,203
tennis_ball (317).jpeg,474,738,tennis_ball,146,316,353,521
tennis_ball (318).jpeg,474,757,tennis_ball,137,296,333,490
tennis_ball (319).jpeg,474,350,tennis_ball,190,185,229,225
tennis_ball (32).jpeg,474,316,tennis_ball,138,42,364,255
tennis_ball (320).jpeg,474,348,tennis_ball,235,70,456,288
tennis_ball (321).jpeg,474,348,tennis_ball,208,129,263,184
tennis_ball (322).jpeg,474,348,tennis_ball,148,153,195,200
tennis_ball (322).jpeg,474,348,tennis_ball,211,89,256,134
tennis_ball (322).jpeg,474,348,tennis_ball,387,155,436,201
tennis_ball (323).jpeg,474,296,tennis_ball,172,141,284,254
tennis_ball (324).jpeg,474,347,tennis_ball,142,72,271,201
tennis_ball (325).jpeg,474,348,tennis_ball,290,148,315,173
tennis_ball (326).jpeg,474,347,tennis_ball,288,169,354,236
tennis_ball (327).jpeg,450,337,tennis_ball,135,96,320,279
tennis_ball (328).jpeg,474,314,tennis_ball,93,98,215,218
tennis_ball (33).jpeg,474,305,tennis_ball,24,153,94,222
tennis_ball (33).jpeg,474,305,tennis_ball,198,85,290,174
tennis_ball (33).jpeg,474,305,tennis_ball,166,156,263,251
tennis_ball (33).jpeg,474,305,tennis_ball,256,157,343,246
tennis_ball (333).jpeg,474,315,tennis_ball,228,116,294,181
tennis_ball (334).jpeg,270,194,tennis_ball,112,36,140,64
tennis_ball (334).jpeg,270,194,tennis_ball,164,85,195,115
tennis_ball (334).jpeg,270,194,tennis_ball,208,108,240,140
tennis_ball (334).jpeg,270,194,tennis_ball,137,103,168,132
tennis_ball (334).jpeg,270,194,tennis_ball,32,107,63,137
tennis_ball (335).jpeg,340,510,tennis_ball,16,278,195,456
tennis_ball (336).jpeg,474,313,tennis_ball,62,98,260,296
tennis_ball (337).jpeg,474,316,tennis_ball,16,112,178,271
tennis_ball (338).jpeg,408,612,tennis_ball,105,274,141,308
tennis_ball (338).jpeg,408,612,tennis_ball,182,284,216,318
tennis_ball (338).jpeg,408,612,tennis_ball,151,387,186,423
tennis_ball (338).jpeg,408,612,tennis_ball,208,406,245,443
tennis_ball (338).jpeg,408,612,tennis_ball,311,401,347,437
tennis_ball (338).jpeg,408,612,tennis_ball,262,445,297,480
tennis_ball (338).jpeg,408,612,tennis_ball,156,469,192,506
tennis_ball (338).jpeg,408,612,tennis_ball,121,470,157,506
tennis_ball (338).jpeg,408,612,tennis_ball,125,506,160,542
tennis_ball (339).jpeg,474,355,tennis_ball,281,166,367,248
tennis_ball (340).jpeg,474,316,tennis_ball,17,111,177,272
tennis_ball (341).jpeg,474,711,tennis_ball,95,301,431,634
tennis_ball (342).jpeg,474,348,tennis_ball,198,131,270,200
tennis_ball (343).jpeg,474,346,tennis_ball,230,262,256,288
tennis_ball (344).jpeg,474,316,tennis_ball,20,145,161,286
tennis_ball (345).jpeg,474,315,tennis_ball,345,114,382,149
tennis_ball (346).jpeg,474,760,tennis_ball,205,503,247,546
tennis_ball (346).jpeg,474,760,tennis_ball,182,576,225,618
tennis_ball (346).jpeg,474,760,tennis_ball,375,604,420,649
tennis_ball (347).jpeg,474,711,tennis_ball,219,497,355,633
tennis_ball (347).jpeg,474,711,tennis_ball,405,202,458,254
tennis_ball (348).jpeg,474,267,tennis_ball,57,179,123,244
tennis_ball (349).jpeg,474,315,tennis_ball,108,121,119,132
tennis_ball (349).jpeg,474,315,tennis_ball,169,134,181,145
tennis_ball (349).jpeg,474,315,tennis_ball,199,104,209,114
tennis_ball (349).jpeg,474,315,tennis_ball,267,73,279,85
tennis_ball (349).jpeg,474,315,tennis_ball,298,61,311,75
tennis_ball (349).jpeg,474,315,tennis_ball,400,115,411,127
tennis_ball (349).jpeg,474,315,tennis_ball,331,106,343,117
tennis_ball (349).jpeg,474,315,tennis_ball,318,108,328,121
tennis_ball (349).jpeg,474,315,tennis_ball,308,115,321,129
tennis_ball (349).jpeg,474,315,tennis_ball,293,103,305,114
tennis_ball (349).jpeg,474,315,tennis_ball,326,130,338,143
tennis_ball (349).jpeg,474,315,tennis_ball,333,143,346,156
tennis_ball (349).jpeg,474,315,tennis_ball,301,146,316,161
tennis_ball (349).jpeg,474,315,tennis_ball,299,139,311,150
tennis_ball (349).jpeg,474,315,tennis_ball,274,127,286,140
tennis_ball (349).jpeg,474,315,tennis_ball,275,167,288,183
tennis_ball (349).jpeg,474,315,tennis_ball,253,145,265,159
tennis_ball (349).jpeg,474,315,tennis_ball,247,134,258,147
tennis_ball (349).jpeg,474,315,tennis_ball,262,112,273,127
tennis_ball (349).jpeg,474,315,tennis_ball,248,108,259,118
tennis_ball (349).jpeg,474,315,tennis_ball,249,117,261,129
tennis_ball (349).jpeg,474,315,tennis_ball,235,125,246,136
tennis_ball (349).jpeg,474,315,tennis_ball,222,132,235,145
tennis_ball (350).jpeg,474,315,tennis_ball,107,120,119,133
tennis_ball (350).jpeg,474,315,tennis_ball,168,133,181,146
tennis_ball (350).jpeg,474,315,tennis_ball,199,104,210,115
tennis_ball (350).jpeg,474,315,tennis_ball,265,72,279,86
tennis_ball (350).jpeg,474,315,tennis_ball,298,61,311,75
tennis_ball (350).jpeg,474,315,tennis_ball,399,115,411,127
tennis_ball (350).jpeg,474,315,tennis_ball,332,105,343,117
tennis_ball (350).jpeg,474,315,tennis_ball,317,108,328,120
tennis_ball (350).jpeg,474,315,tennis_ball,293,102,305,114
tennis_ball (350).jpeg,474,315,tennis_ball,308,115,321,129
tennis_ball (350).jpeg,474,315,tennis_ball,326,130,339,142
tennis_ball (350).jpeg,474,315,tennis_ball,332,142,347,157
tennis_ball (350).jpeg,474,315,tennis_ball,298,138,312,151
tennis_ball (350).jpeg,474,315,tennis_ball,301,146,317,164
tennis_ball (350).jpeg,474,315,tennis_ball,275,167,289,182
tennis_ball (350).jpeg,474,315,tennis_ball,253,145,265,158
tennis_ball (350).jpeg,474,315,tennis_ball,274,127,285,139
tennis_ball (350).jpeg,474,315,tennis_ball,262,113,274,125
tennis_ball (350).jpeg,474,315,tennis_ball,247,108,260,117
tennis_ball (350).jpeg,474,315,tennis_ball,248,115,263,129
tennis_ball (350).jpeg,474,315,tennis_ball,234,124,247,137
tennis_ball (350).jpeg,474,315,tennis_ball,246,134,259,147
tennis_ball (350).jpeg,474,315,tennis_ball,222,132,234,145
tennis_ball (351).jpeg,474,345,tennis_ball,125,30,131,36
tennis_ball (351).jpeg,474,345,tennis_ball,96,37,103,45
tennis_ball (351).jpeg,474,345,tennis_ball,67,35,74,42
tennis_ball (351).jpeg,474,345,tennis_ball,26,28,33,35
tennis_ball (351).jpeg,474,345,tennis_ball,27,54,36,64
tennis_ball (351).jpeg,474,345,tennis_ball,51,56,61,67
tennis_ball (351).jpeg,474,345,tennis_ball,302,67,314,74
tennis_ball (351).jpeg,474,345,tennis_ball,302,71,315,84
tennis_ball (351).jpeg,474,345,tennis_ball,310,77,324,90
tennis_ball (351).jpeg,474,345,tennis_ball,450,97,462,109
tennis_ball (351).jpeg,474,345,tennis_ball,456,99,473,116
tennis_ball (351).jpeg,474,345,tennis_ball,171,144,195,168
tennis_ball (352).jpeg,400,344,tennis_ball,175,106,328,261
tennis_ball (353).jpeg,474,266,tennis_ball,152,25,199,68
tennis_ball (353).jpeg,474,266,tennis_ball,243,101,293,152
tennis_ball (353).jpeg,474,266,tennis_ball,305,138,333,163
tennis_ball (353).jpeg,474,266,tennis_ball,314,141,374,199
tennis_ball (353).jpeg,474,266,tennis_ball,350,82,441,160
tennis_ball (353).jpeg,474,266,tennis_ball,373,5,450,69
tennis_ball (353).jpeg,474,266,tennis_ball,442,4,474,63
tennis_ball (353).jpeg,474,266,tennis_ball,418,58,460,73
tennis_ball (353).jpeg,474,266,tennis_ball,357,140,396,168
tennis_ball (354).jpeg,450,319,tennis_ball,23,169,48,192
tennis_ball (354).jpeg,450,319,tennis_ball,136,128,152,144
tennis_ball (354).jpeg,450,319,tennis_ball,180,115,193,127
tennis_ball (354).jpeg,450,319,tennis_ball,245,111,264,131
tennis_ball (354).jpeg,450,319,tennis_ball,258,93,268,104
tennis_ball (354).jpeg,450,319,tennis_ball,304,94,322,112
tennis_ball (354).jpeg,450,319,tennis_ball,335,99,363,128
tennis_ball (354).jpeg,450,319,tennis_ball,372,84,393,105
tennis_ball (354).jpeg,450,319,tennis_ball,412,73,434,95
tennis_ball (354).jpeg,450,319,tennis_ball,328,75,336,84
tennis_ball (354).jpeg,450,319,tennis_ball,347,74,358,85
tennis_ball (354).jpeg,450,319,tennis_ball,367,79,382,92
tennis_ball (354).jpeg,450,319,tennis_ball,393,67,406,81
tennis_ball (354).jpeg,450,319,tennis_ball,415,57,422,64
tennis_ball (355).jpeg,400,254,tennis_ball,110,70,204,161
tennis_ball (356).jpeg,474,316,tennis_ball,138,91,197,149
tennis_ball (356).jpeg,474,316,tennis_ball,83,162,143,222
tennis_ball (356).jpeg,474,316,tennis_ball,13,130,70,188
tennis_ball (357).jpeg,474,316,tennis_ball,39,103,62,128
tennis_ball (357).jpeg,474,316,tennis_ball,62,99,86,124
tennis_ball (357).jpeg,474,316,tennis_ball,89,102,116,130
tennis_ball (357).jpeg,474,316,tennis_ball,104,141,137,172
tennis_ball (357).jpeg,474,316,tennis_ball,192,160,225,194
tennis_ball (357).jpeg,474,316,tennis_ball,246,100,272,130
tennis_ball (357).jpeg,474,316,tennis_ball,293,138,326,170
tennis_ball (357).jpeg,474,316,tennis_ball,326,91,354,118
tennis_ball (357).jpeg,474,316,tennis_ball,165,228,205,267
tennis_ball (358).jpeg,474,348,tennis_ball,76,78,161,164
tennis_ball (358).jpeg,474,348,tennis_ball,211,91,319,199
tennis_ball (358).jpeg,474,348,tennis_ball,324,112,462,246
tennis_ball (359).jpeg,474,643,tennis_ball,84,74,177,171
tennis_ball (359).jpeg,474,643,tennis_ball,265,130,393,261
tennis_ball (359).jpeg,474,643,tennis_ball,108,285,325,500
tennis_ball (360).jpeg,474,441,tennis_ball,462,230,474,262
tennis_ball (360).jpeg,474,441,tennis_ball,405,229,437,261
tennis_ball (360).jpeg,474,441,tennis_ball,323,229,354,260
tennis_ball (360).jpeg,474,441,tennis_ball,366,261,462,356
tennis_ball (360).jpeg,474,441,tennis_ball,293,254,368,330
tennis_ball (360).jpeg,474,441,tennis_ball,201,246,260,307
tennis_ball (360).jpeg,474,441,tennis_ball,276,228,301,254
tennis_ball (360).jpeg,474,441,tennis_ball,227,230,258,255
tennis_ball (360).jpeg,474,441,tennis_ball,208,229,230,250
tennis_ball (360).jpeg,474,441,tennis_ball,138,246,202,311
tennis_ball (360).jpeg,474,441,tennis_ball,163,232,187,250
tennis_ball (360).jpeg,474,441,tennis_ball,107,234,145,274
tennis_ball (360).jpeg,474,441,tennis_ball,89,228,111,252
tennis_ball (360).jpeg,474,441,tennis_ball,30,227,54,247
tennis_ball (360).jpeg,474,441,tennis_ball,58,238,103,285
tennis_ball (360).jpeg,474,441,tennis_ball,14,245,71,300
tennis_ball (361).jpeg,474,348,tennis_ball,70,247,102,279
tennis_ball (361).jpeg,474,348,tennis_ball,197,180,224,208
tennis_ball (361).jpeg,474,348,tennis_ball,225,187,253,214
tennis_ball (361).jpeg,474,348,tennis_ball,272,166,299,194
tennis_ball (361).jpeg,474,348,tennis_ball,297,27,321,49
tennis_ball (361).jpeg,474,348,tennis_ball,311,52,334,76
tennis_ball (362).jpeg,474,346,tennis_ball,271,141,324,191
tennis_ball (362).jpeg,474,346,tennis_ball,98,146,168,214
tennis_ball (363).jpeg,474,757,tennis_ball,189,312,290,412
tennis_ball (363).jpeg,474,757,tennis_ball,334,304,444,411
tennis_ball (363).jpeg,474,757,tennis_ball,25,243,64,281
tennis_ball (364).jpeg,474,646,tennis_ball,152,395,265,507
tennis_ball (365).jpeg,474,344,tennis_ball,343,65,412,132
tennis_ball (366).jpeg,474,316,tennis_ball,177,257,205,286
tennis_ball (366).jpeg,474,316,tennis_ball,210,198,233,221
tennis_ball (366).jpeg,474,316,tennis_ball,154,177,176,198
tennis_ball (366).jpeg,474,316,tennis_ball,156,99,172,115
tennis_ball (366).jpeg,474,316,tennis_ball,140,60,154,74
tennis_ball (366).jpeg,474,316,tennis_ball,172,42,183,54
tennis_ball (366).jpeg,474,316,tennis_ball,299,57,312,71
tennis_ball (366).jpeg,474,316,tennis_ball,91,49,104,60
tennis_ball (366).jpeg,474,316,tennis_ball,36,75,50,90
tennis_ball (366).jpeg,474,316,tennis_ball,45,14,55,25
tennis_ball (367).jpeg,474,315,tennis_ball,266,121,356,211
tennis_ball (367).jpeg,474,315,tennis_ball,149,44,188,84
tennis_ball (367).jpeg,474,315,tennis_ball,123,76,178,130
tennis_ball (367).jpeg,474,315,tennis_ball,58,70,104,116
tennis_ball (368).jpeg,474,315,tennis_ball,65,48,105,86
tennis_ball (368).jpeg,474,315,tennis_ball,138,83,187,132
tennis_ball (368).jpeg,474,315,tennis_ball,246,66,288,106
tennis_ball (368).jpeg,474,315,tennis_ball,399,87,451,135
tennis_ball (368).jpeg,474,315,tennis_ball,187,166,265,245
tennis_ball (369).jpeg,474,348,tennis_ball,84,122,204,238
tennis_ball (370).jpeg,474,347,tennis_ball,248,69,319,138
tennis_ball (370).jpeg,474,347,tennis_ball,272,106,355,188
tennis_ball (371).jpeg,450,319,tennis_ball,56,141,69,155
tennis_ball (371).jpeg,450,319,tennis_ball,105,185,120,200
tennis_ball (371).jpeg,450,319,tennis_ball,89,238,106,256
tennis_ball (371).jpeg,450,319,tennis_ball,110,105,122,115
tennis_ball (371).jpeg,450,319,tennis_ball,111,100,120,106
tennis_ball (371).jpeg,450,319,tennis_ball,151,103,162,115
tennis_ball (371).jpeg,450,319,tennis_ball,202,107,213,117
tennis_ball (371).jpeg,450,319,tennis_ball,231,116,242,127
tennis_ball (371).jpeg,450,319,tennis_ball,248,96,259,107
tennis_ball (371).jpeg,450,319,tennis_ball,256,87,265,96
tennis_ball (371).jpeg,450,319,tennis_ball,260,123,271,134
tennis_ball (371).jpeg,450,319,tennis_ball,298,127,308,138
tennis_ball (371).jpeg,450,319,tennis_ball,304,113,314,124
tennis_ball (371).jpeg,450,319,tennis_ball,317,122,328,133
tennis_ball (371).jpeg,450,319,tennis_ball,298,150,309,162
tennis_ball (371).jpeg,450,319,tennis_ball,280,171,294,184
tennis_ball (371).jpeg,450,319,tennis_ball,418,161,431,175
tennis_ball (372).jpeg,474,267,tennis_ball,79,182,166,267
tennis_ball (372).jpeg,474,267,tennis_ball,139,173,210,255
tennis_ball (372).jpeg,474,267,tennis_ball,66,174,114,253
tennis_ball (373).jpeg,474,314,tennis_ball,210,180,281,251
tennis_ball (374).jpeg,474,355,tennis_ball,62,219,116,269
tennis_ball (375).jpeg,300,158,tennis_ball,161,83,222,143
tennis_ball (376).jpeg,474,350,tennis_ball,48,195,58,207
tennis_ball (376).jpeg,474,350,tennis_ball,55,239,67,252
tennis_ball (376).jpeg,474,350,tennis_ball,80,198,92,209
tennis_ball (376).jpeg,474,350,tennis_ball,95,184,108,197
tennis_ball (376).jpeg,474,350,tennis_ball,116,193,128,204
tennis_ball (376).jpeg,474,350,tennis_ball,153,204,166,217
tennis_ball (376).jpeg,474,350,tennis_ball,318,148,328,158
tennis_ball (376).jpeg,474,350,tennis_ball,365,143,375,155
tennis_ball (376).jpeg,474,350,tennis_ball,419,163,432,174
tennis_ball (376).jpeg,474,350,tennis_ball,429,129,439,137
tennis_ball (376).jpeg,474,350,tennis_ball,450,127,459,136
tennis_ball (376).jpeg,474,350,tennis_ball,407,97,415,106
tennis_ball (377).jpeg,300,470,tennis_ball,93,185,195,290
tennis_ball (378).jpeg,474,340,tennis_ball,91,115,236,257
tennis_ball (379).jpeg,474,339,tennis_ball,161,152,280,268
tennis_ball (379).jpeg,474,339,tennis_ball,77,125,172,218
tennis_ball (379).jpeg,474,339,tennis_ball,185,68,251,133
tennis_ball (380).jpeg,270,194,tennis_ball,120,104,154,139
tennis_ball (381).jpeg,255,194,tennis_ball,40,55,125,139
tennis_ball (382).jpeg,285,194,tennis_ball,211,48,244,80
tennis_ball (384).jpeg,474,778,tennis_ball,307,599,367,659
tennis_ball (384).jpeg,474,778,tennis_ball,287,627,350,692
tennis_ball (384).jpeg,474,778,tennis_ball,224,636,286,701
tennis_ball (384).jpeg,474,778,tennis_ball,245,590,307,646
tennis_ball (385).jpeg,474,348,tennis_ball,110,159,153,199
tennis_ball (385).jpeg,474,348,tennis_ball,270,164,282,176
tennis_ball (385).jpeg,474,348,tennis_ball,304,163,318,177
tennis_ball (386).jpeg,450,320,tennis_ball,192,149,214,172
tennis_ball (386).jpeg,450,320,tennis_ball,57,195,87,225
tennis_ball (386).jpeg,450,320,tennis_ball,173,192,201,221
tennis_ball (386).jpeg,450,320,tennis_ball,200,198,229,228
tennis_ball (386).jpeg,450,320,tennis_ball,228,202,257,232
tennis_ball (386).jpeg,450,320,tennis_ball,255,212,284,241
tennis_ball (387).jpeg,269,194,tennis_ball,51,65,134,147
tennis_ball (388).jpeg,474,314,tennis_ball,96,90,265,255
tennis_ball (389).jpeg,450,313,tennis_ball,205,169,249,213
tennis_ball (39).jpeg,474,347,tennis_ball,71,193,151,272
tennis_ball (390).jpeg,474,123,tennis_ball,152,27,231,103
tennis_ball (390).jpeg,474,123,tennis_ball,48,29,115,93
tennis_ball (391).jpeg,474,348,tennis_ball,326,198,361,233
tennis_ball (392).jpeg,338,225,tennis_ball,262,124,322,183
tennis_ball (392).jpeg,338,225,tennis_ball,123,133,191,201
tennis_ball (392).jpeg,338,225,tennis_ball,34,113,91,168
tennis_ball (393).jpeg,225,338,tennis_ball,83,72,106,96
tennis_ball (393).jpeg,225,338,tennis_ball,195,113,221,140
tennis_ball (393).jpeg,225,338,tennis_ball,21,160,48,186
tennis_ball (393).jpeg,225,338,tennis_ball,80,173,108,199
tennis_ball (393).jpeg,225,338,tennis_ball,93,198,121,226
tennis_ball (394).jpeg,474,348,tennis_ball,282,141,360,219
tennis_ball (394).jpeg,474,348,tennis_ball,247,120,313,187
tennis_ball (394).jpeg,474,348,tennis_ball,199,150,278,230
tennis_ball (395).jpeg,400,266,tennis_ball,211,158,233,182
tennis_ball (395).jpeg,400,266,tennis_ball,201,145,221,166
tennis_ball (395).jpeg,400,266,tennis_ball,186,165,210,188
tennis_ball (396).jpeg,474,267,tennis_ball,351,140,473,267
tennis_ball (396).jpeg,474,267,tennis_ball,42,167,132,253
tennis_ball (397).jpeg,474,355,tennis_ball,173,102,296,228
tennis_ball (398).jpeg,300,225,tennis_ball,81,62,126,107
tennis_ball (399).jpeg,300,225,tennis_ball,80,61,128,108
tennis_ball (4).jpeg,474,248,tennis_ball,284,31,361,116
tennis_ball (4).jpeg,474,248,tennis_ball,323,50,424,144
tennis_ball (40).jpeg,474,207,tennis_ball,287,44,400,154
tennis_ball (400).jpeg,300,157,tennis_ball,159,96,167,104
tennis_ball (401).jpeg,220,165,tennis_ball,52,22,172,142
tennis_ball (402).jpeg,474,316,tennis_ball,224,90,238,104
tennis_ball (403).jpeg,474,474,tennis_ball,123,210,145,232
tennis_ball (404).jpeg,338,225,tennis_ball,184,175,204,196
tennis_ball (405).jpeg,474,375,tennis_ball,86,258,160,331
tennis_ball (406).jpeg,474,316,tennis_ball,88,105,219,231
tennis_ball (407).jpeg,474,291,tennis_ball,45,114,58,125
tennis_ball (408).jpeg,474,401,tennis_ball,351,187,367,203
tennis_ball (409).jpeg,474,355,tennis_ball,138,75,292,223
tennis_ball (41).jpeg,347,540,tennis_ball,94,457,109,473
tennis_ball (410).jpeg,474,315,tennis_ball,162,121,229,174
tennis_ball (411).jpeg,474,348,tennis_ball,202,170,275,243
tennis_ball (412).jpeg,474,315,tennis_ball,202,170,275,245
tennis_ball (413).jpeg,474,348,tennis_ball,157,116,239,199
tennis_ball (414).jpeg,337,508,tennis_ball,139,353,201,411
tennis_ball (415).jpeg,474,348,tennis_ball,197,130,257,191
tennis_ball (416).jpeg,474,315,tennis_ball,73,85,209,219
tennis_ball (417).jpeg,474,378,tennis_ball,268,91,358,181
tennis_ball (418).jpeg,474,641,tennis_ball,114,366,199,453
tennis_ball (419).jpeg,433,470,tennis_ball,71,354,110,395
tennis_ball (42).jpeg,474,266,tennis_ball,246,80,364,198
tennis_ball (420).jpeg,474,267,tennis_ball,120,69,185,132
tennis_ball (421).jpeg,464,370,tennis_ball,110,275,122,288
tennis_ball (421).jpeg,464,370,tennis_ball,134,292,147,305
tennis_ball (421).jpeg,464,370,tennis_ball,177,262,183,273
tennis_ball (421).jpeg,464,370,tennis_ball,177,309,189,322
tennis_ball (421).jpeg,464,370,tennis_ball,199,292,212,305
tennis_ball (421).jpeg,464,370,tennis_ball,237,292,248,305
tennis_ball (421).jpeg,464,370,tennis_ball,250,281,258,292
tennis_ball (421).jpeg,464,370,tennis_ball,258,268,269,279
tennis_ball (421).jpeg,464,370,tennis_ball,290,271,300,282
tennis_ball (421).jpeg,464,370,tennis_ball,312,268,322,278
tennis_ball (421).jpeg,464,370,tennis_ball,292,288,304,301
tennis_ball (421).jpeg,464,370,tennis_ball,271,300,283,312
tennis_ball (421).jpeg,464,370,tennis_ball,299,307,311,320
tennis_ball (421).jpeg,464,370,tennis_ball,338,297,351,309
tennis_ball (422).jpeg,474,315,tennis_ball,300,112,381,194
tennis_ball (422).jpeg,474,315,tennis_ball,212,106,289,181
tennis_ball (422).jpeg,474,315,tennis_ball,239,78,307,141
tennis_ball (422).jpeg,474,315,tennis_ball,164,66,238,137
tennis_ball (423).jpeg,474,760,tennis_ball,73,131,138,195
tennis_ball (424).jpeg,450,358,tennis_ball,76,142,126,189
tennis_ball (425).jpeg,450,320,tennis_ball,243,141,283,180
tennis_ball (426).jpeg,408,612,tennis_ball,205,108,248,153
tennis_ball (427).jpeg,474,317,tennis_ball,333,126,400,193
tennis_ball (428).jpeg,408,612,tennis_ball,186,295,223,332
tennis_ball (428).jpeg,408,612,tennis_ball,165,329,204,368
tennis_ball (429).jpeg,474,316,tennis_ball,152,73,177,99
tennis_ball (429).jpeg,474,316,tennis_ball,172,85,198,111
tennis_ball (429).jpeg,474,316,tennis_ball,226,104,253,130
tennis_ball (429).jpeg,474,316,tennis_ball,283,138,310,164
tennis_ball (429).jpeg,474,316,tennis_ball,232,172,259,200
tennis_ball (429).jpeg,474,316,tennis_ball,187,167,215,195
tennis_ball (43).jpeg,300,225,tennis_ball,10,67,87,144
tennis_ball (430).jpeg,474,431,tennis_ball,89,121,267,300
tennis_ball (431).jpeg,474,388,tennis_ball,217,236,262,281
tennis_ball (432).jpeg,474,381,tennis_ball,276,152,319,195
tennis_ball (432).jpeg,474,381,tennis_ball,315,174,359,217
tennis_ball (432).jpeg,474,381,tennis_ball,369,82,414,125
tennis_ball (433).jpeg,474,315,tennis_ball,259,111,306,156
tennis_ball (433).jpeg,474,315,tennis_ball,317,125,364,172
tennis_ball (433).jpeg,474,315,tennis_ball,295,162,344,211
tennis_ball (434).jpeg,474,355,tennis_ball,81,149,132,199
tennis_ball (435).jpeg,474,316,tennis_ball,215,137,304,227
tennis_ball (436).jpeg,450,316,tennis_ball,234,114,306,189
tennis_ball (436).jpeg,450,316,tennis_ball,68,64,124,116
tennis_ball (436).jpeg,450,316,tennis_ball,10,100,71,160
tennis_ball (437).jpeg,450,320,tennis_ball,97,104,209,212
tennis_ball (438).jpeg,474,348,tennis_ball,224,166,235,178
tennis_ball (439).jpeg,450,320,tennis_ball,1,1,111,82
tennis_ball (44).jpeg,474,316,tennis_ball,56,75,203,219
tennis_ball (44).jpeg,474,316,tennis_ball,254,15,313,75
tennis_ball (440).jpeg,450,315,tennis_ball,250,104,348,197
tennis_ball (441).jpeg,450,320,tennis_ball,264,117,350,199
tennis_ball (441).jpeg,450,320,tennis_ball,131,70,180,119
tennis_ball (441).jpeg,450,320,tennis_ball,155,37,191,75
tennis_ball (441).jpeg,450,320,tennis_ball,69,61,111,104
tennis_ball (442).jpeg,450,299,tennis_ball,232,123,348,239
tennis_ball (443).jpeg,474,474,tennis_ball,172,211,198,237
tennis_ball (443).jpeg,474,474,tennis_ball,162,340,189,369
tennis_ball (444).jpeg,271,194,tennis_ball,59,66,117,121
tennis_ball (444).jpeg,271,194,tennis_ball,25,57,69,100
tennis_ball (444).jpeg,271,194,tennis_ball,187,60,239,110
tennis_ball (445).jpeg,300,152,tennis_ball,38,76,105,137
tennis_ball (447).jpeg,474,297,tennis_ball,243,121,302,178
tennis_ball (447).jpeg,474,297,tennis_ball,310,145,378,211
tennis_ball (448).jpeg,338,225,tennis_ball,267,37,286,56
tennis_ball (448).jpeg,338,225,tennis_ball,115,121,136,142
tennis_ball (448).jpeg,338,225,tennis_ball,78,111,99,133
tennis_ball (449).jpeg,226,338,tennis_ball,169,21,226,79
tennis_ball (449).jpeg,226,338,tennis_ball,140,64,196,120
tennis_ball (449).jpeg,226,338,tennis_ball,45,27,98,81
tennis_ball (45).jpeg,474,306,tennis_ball,306,128,403,218
tennis_ball (45).jpeg,474,306,tennis_ball,281,157,382,250
tennis_ball (450).jpeg,275,470,tennis_ball,71,155,205,289
tennis_ball (451).jpeg,474,347,tennis_ball,248,63,375,192
tennis_ball (452).jpeg,474,316,tennis_ball,376,212,411,246
tennis_ball (452).jpeg,474,316,tennis_ball,59,95,87,122
tennis_ball (452).jpeg,474,316,tennis_ball,77,36,105,64
tennis_ball (453).jpeg,300,238,tennis_ball,177,11,198,32
tennis_ball (454).jpeg,474,316,tennis_ball,240,41,328,128
tennis_ball (454).jpeg,474,316,tennis_ball,276,215,473,316
tennis_ball (454).jpeg,474,316,tennis_ball,1,121,126,257
tennis_ball (455).jpeg,474,315,tennis_ball,90,141,189,238
tennis_ball (455).jpeg,474,315,tennis_ball,180,141,280,240
tennis_ball (455).jpeg,474,315,tennis_ball,272,144,371,244
tennis_ball (456).jpeg,474,296,tennis_ball,189,22,307,138
tennis_ball (459).jpeg,474,344,tennis_ball,190,109,308,230
tennis_ball (46).jpeg,474,316,tennis_ball,197,63,368,235
tennis_ball (460).jpeg,450,320,tennis_ball,261,172,315,225
tennis_ball (461).jpeg,353,470,tennis_ball,190,265,271,346
tennis_ball (462).jpeg,450,335,tennis_ball,231,110,335,215
tennis_ball (463).jpeg,450,320,tennis_ball,248,142,341,236
tennis_ball (464).jpeg,450,322,tennis_ball,192,93,312,210
tennis_ball (465).jpeg,474,316,tennis_ball,282,65,361,149
tennis_ball (465).jpeg,474,316,tennis_ball,323,84,422,178
tennis_ball (466).jpeg,474,347,tennis_ball,55,156,124,223
tennis_ball (466).jpeg,474,347,tennis_ball,363,108,426,170
tennis_ball (467).jpeg,450,320,tennis_ball,250,123,309,184
tennis_ball (467).jpeg,450,320,tennis_ball,333,179,398,243
tennis_ball (468).jpeg,474,192,tennis_ball,296,62,408,170
tennis_ball (47).jpeg,474,640,tennis_ball,66,292,246,467
tennis_ball (470).jpeg,474,316,tennis_ball,69,49,270,243
tennis_ball (471).jpeg,474,643,tennis_ball,237,453,360,578
tennis_ball (5).jpeg,300,157,tennis_ball,231,39,300,133
tennis_ball (53).jpeg,300,470,tennis_ball,177,91,212,128
tennis_ball (54).jpeg,474,316,tennis_ball,252,121,276,146
tennis_ball (54).jpeg,474,316,tennis_ball,140,140,166,166
tennis_ball (55).jpeg,271,194,tennis_ball,62,38,117,95
tennis_ball (56).jpeg,271,194,tennis_ball,72,44,109,82
tennis_ball (57).jpeg,269,194,tennis_ball,129,90,177,137
tennis_ball (58).jpeg,271,194,tennis_ball,68,33,143,104
tennis_ball (59).jpeg,474,339,tennis_ball,93,127,232,264
tennis_ball (6).jpeg,474,266,tennis_ball,187,85,291,187
tennis_ball (60).jpeg,271,194,tennis_ball,155,69,224,140
tennis_ball (61).jpeg,271,194,tennis_ball,168,94,203,126
tennis_ball (67).jpeg,195,194,tennis_ball,56,63,112,118
tennis_ball (68).jpeg,271,194,tennis_ball,146,34,189,75
tennis_ball (69).jpeg,271,194,tennis_ball,33,24,153,144
tennis_ball (7).jpeg,474,643,tennis_ball,170,323,233,387
tennis_ball (70).jpeg,474,314,tennis_ball,385,58,395,68
tennis_ball (70).jpeg,474,314,tennis_ball,195,46,203,53
tennis_ball (70).jpeg,474,314,tennis_ball,78,45,91,58
tennis_ball (70).jpeg,474,314,tennis_ball,45,4,51,10
tennis_ball (70).jpeg,474,314,tennis_ball,1,8,7,15
tennis_ball (71).jpeg,474,315,tennis_ball,288,81,319,112
tennis_ball (72).jpeg,474,316,tennis_ball,193,74,342,220
tennis_ball (73).jpeg,474,348,tennis_ball,283,188,372,277
tennis_ball (74).jpeg,474,348,tennis_ball,47,113,143,206
tennis_ball (75).jpeg,474,341,tennis_ball,254,92,341,183
tennis_ball (8).jpeg,474,474,tennis_ball,37,56,422,417
tennis_ball (81).jpeg,240,160,tennis_ball,165,100,183,119
tennis_ball (82).jpeg,474,315,tennis_ball,71,122,79,131
tennis_ball (82).jpeg,474,315,tennis_ball,128,145,137,155
tennis_ball (82).jpeg,474,315,tennis_ball,142,157,151,166
tennis_ball (82).jpeg,474,315,tennis_ball,113,158,122,167
tennis_ball (82).jpeg,474,315,tennis_ball,97,187,107,197
tennis_ball (82).jpeg,474,315,tennis_ball,224,197,234,208
tennis_ball (82).jpeg,474,315,tennis_ball,239,147,248,157
tennis_ball (82).jpeg,474,315,tennis_ball,262,212,272,223
tennis_ball (82).jpeg,474,315,tennis_ball,343,148,352,159
tennis_ball (82).jpeg,474,315,tennis_ball,361,146,370,156
tennis_ball (82).jpeg,474,315,tennis_ball,387,124,395,131
tennis_ball (82).jpeg,474,315,tennis_ball,366,205,378,218
tennis_ball (82).jpeg,474,315,tennis_ball,430,226,443,239
tennis_ball (83).jpeg,399,280,tennis_ball,182,150,220,190
tennis_ball (84).jpeg,474,315,tennis_ball,301,177,382,255
tennis_ball (85).jpeg,474,325,tennis_ball,142,119,200,176
tennis_ball (86).jpeg,474,296,tennis_ball,328,156,394,223
tennis_ball (87).jpeg,474,296,tennis_ball,78,101,154,176
tennis_ball (88).jpeg,474,316,tennis_ball,223,126,333,236
tennis_ball (9).jpeg,474,344,tennis_ball,37,73,263,283
tennis_ball (95).jpeg,474,711,tennis_ball,226,426,343,542
tennis_ball (96).jpeg,474,247,tennis_ball,233,76,305,145
tennis_ball (97).jpeg,450,320,tennis_ball,41,94,180,230
tennis_ball (98).jpeg,474,316,tennis_ball,258,134,400,270
tennis_ball (98).jpeg,474,316,tennis_ball,371,146,428,215
tennis_ball (98).jpeg,474,316,tennis_ball,209,147,273,216
tennis_ball (98).jpeg,474,316,tennis_ball,200,149,232,204
tennis_ball (98).jpeg,474,316,tennis_ball,139,148,204,213
tennis_ball (98).jpeg,474,316,tennis_ball,114,149,145,199
tennis_ball (98).jpeg,474,316,tennis_ball,65,151,140,223
tennis_ball (98).jpeg,474,316,tennis_ball,35,150,89,215
tennis_ball (99).jpeg,474,355,tennis_ball,129,212,171,253
